{

  "ocarina": {

    "sounds": [

      "custom/ocarina" ]
	  },
  "saber_hit": {

    "sounds": [

      "custom/saber_hit" ]
	  },
	  
	  "saber_hit2": {

    "sounds": [

      "custom/saber_hit2" ]
	  },
	  "saber_hit3": {

    "sounds": [

      "custom/saber_hit3" ]
	  },
	  "floppy1": {

    "sounds": [

      "custom/floppy1" ]
	  },
	  
	  "guitar1": {

    "sounds": [

      "custom/guitar1" ]
	  },
	  
	  "guitar2": {

    "sounds": [

      "custom/guitar2" ]
	  },
	  
	  "guitar3": {

    "sounds": [

      "custom/guitar3" ]
	  },
	  "laser1": {

    "sounds": [

      "custom/laser1" ]
	  },
	  
	  "laser2": {

    "sounds": [

      "custom/laser2" ]
	  },
	  
	  "laser3": {

    "sounds": [

      "custom/laser3" ]
	  },
	  "revolver1": {

    "sounds": [

      "custom/revolver1" ]
	  },
	  "revolver2": {

    "sounds": [

      "custom/revolver2" ]
	  },
	  "revolver3": {

    "sounds": [

      "custom/revolver3" ]
	  },
	  "click": {

    "sounds": [

      "custom/click" ]
	  }
  }