{
"__comment": "Model generated using MrCrayfish's Model Creator (http://mrcrayfish.com/modelcreator/)",
"textures": {
    "0": "items/mobs/turtle/turtle"
},
"elements": [ 
{
    "from": [ 3, -4, 3 ],
    "to": [ 13, -1, 14 ],
    "faces": {
        "down":  { "uv": [ 0, 0, 8, 8 ], "texture": "#0", "cullface": "down" },
        "up":    { "uv": [ 0, 0, 8, 8 ], "texture": "#0", "cullface": "down" },
        "north": { "uv": [ 0, 0, 8, 5 ], "texture": "#0", "cullface": "down" },
        "south": { "uv": [ 0, 0, 8, 3 ], "texture": "#0", "cullface": "down" },
        "west":  { "uv": [ 0, 0, 8, 3 ], "texture": "#0", "cullface": "down" },
        "east":  { "uv": [ 0, 0, 8, 4 ], "texture": "#0", "cullface": "down" }
    }
},
{
    "from": [ 4, -1, 4 ],
    "to": [ 12, 0, 13 ],
    "faces": {
        "up":    { "uv": [ 0, 0, 8, 8 ], "texture": "#0", "cullface": "down" },
        "north": { "uv": [ 0, 0, 8, 1 ], "texture": "#0", "cullface": "down" },
        "south": { "uv": [ 0, 0, 8, 1 ], "texture": "#0", "cullface": "down" },
        "west":  { "uv": [ 0, 0, 7, 2 ], "texture": "#0", "cullface": "down" },
        "east":  { "uv": [ 0, 0, 8, 2 ], "texture": "#0", "cullface": "down" }
    }
},
{
    "from": [ 5, 0, 5 ],
    "to": [ 11, 1, 12 ],
    "faces": {
        "up":    { "uv": [ 0, 0, 6, 7 ], "texture": "#0" },
        "north": { "uv": [ 0, 0, 6, 1 ], "texture": "#0" },
        "south": { "uv": [ 0, 0, 6, 1 ], "texture": "#0" },
        "west":  { "uv": [ 0, 0, 7, 1 ], "texture": "#0" },
        "east":  { "uv": [ 0, 0, 7, 1 ], "texture": "#0" }
    }
},
{
    "from": [ 4, -5, 4 ],
    "to": [ 12, -4, 13 ],
    "faces": {
        "down":  { "uv": [ 0, 0, 8, 8 ], "texture": "#0", "cullface": "down" },
        "north": { "uv": [ 0, 0, 8, 1 ], "texture": "#0", "cullface": "down" },
        "south": { "uv": [ 0, 0, 7, 1 ], "texture": "#0", "cullface": "down" },
        "west":  { "uv": [ 0, 0, 8, 3 ], "texture": "#0", "cullface": "down" },
        "east":  { "uv": [ 0, 0, 8, 3 ], "texture": "#0", "cullface": "down" }
    }
},
{
    "from": [ 7, -4, 1 ],
    "to": [ 9, -2, 3 ],
    "faces": {
        "down":  { "uv": [ 8, 9, 12, 13 ], "texture": "#0", "cullface": "down" },
        "up":    { "uv": [ 6, 10, 11, 14 ], "texture": "#0", "cullface": "down" },
        "west":  { "uv": [ 7, 10, 12, 14 ], "texture": "#0", "cullface": "down" },
        "east":  { "uv": [ 10, 10, 13, 14 ], "texture": "#0", "cullface": "down" }
    }
},
{
    "from": [ 6, -4, -1 ],
    "to": [ 10, -1, 1 ],
    "faces": {
        "down":  { "uv": [ 8, 9, 12, 13 ], "texture": "#0", "cullface": "north" },
        "up":    { "uv": [ 6, 10, 11, 14 ], "texture": "#0", "cullface": "north" },
        "north": { "uv": [ 10, 0, 15, 6 ], "texture": "#0", "cullface": "north" },
        "south": { "uv": [ 8, 11, 14, 15 ], "texture": "#0", "cullface": "north" },
        "west":  { "uv": [ 7, 10, 12, 14 ], "texture": "#0", "cullface": "north" },
        "east":  { "uv": [ 10, 10, 13, 14 ], "texture": "#0", "cullface": "north" }
    }
},
{
    "from": [ 4, -6, 4 ],
    "to": [ 6, -5, 6 ],
    "faces": {
        "down":  { "uv": [ 8, 9, 12, 13 ], "texture": "#0", "cullface": "down" },
        "north": { "uv": [ 1, 13, 3, 16 ], "texture": "#0", "cullface": "down" },
        "south": { "uv": [ 8, 11, 14, 15 ], "texture": "#0", "cullface": "down" },
        "west":  { "uv": [ 7, 10, 12, 14 ], "texture": "#0", "cullface": "down" },
        "east":  { "uv": [ 10, 10, 13, 15 ], "texture": "#0", "cullface": "down" }
    }
},
{
    "from": [ 10, -6, 4 ],
    "to": [ 12, -5, 6 ],
    "faces": {
        "down":  { "uv": [ 8, 9, 12, 13 ], "texture": "#0", "cullface": "down" },
        "north": { "uv": [ 1, 13, 3, 16 ], "texture": "#0", "cullface": "down" },
        "south": { "uv": [ 8, 11, 14, 15 ], "texture": "#0", "cullface": "down" },
        "west":  { "uv": [ 7, 10, 12, 14 ], "texture": "#0", "cullface": "down" },
        "east":  { "uv": [ 10, 10, 13, 14 ], "texture": "#0", "cullface": "down" }
    }
},
{
    "from": [ 10, -6, 11 ],
    "to": [ 12, -5, 13 ],
    "faces": {
        "down":  { "uv": [ 8, 9, 12, 13 ], "texture": "#0", "cullface": "down" },
        "north": { "uv": [ 1, 13, 3, 16 ], "texture": "#0", "cullface": "down" },
        "south": { "uv": [ 8, 11, 14, 15 ], "texture": "#0", "cullface": "down" },
        "west":  { "uv": [ 7, 10, 12, 14 ], "texture": "#0", "cullface": "down" },
        "east":  { "uv": [ 10, 10, 13, 14 ], "texture": "#0", "cullface": "down" }
    }
},
{
    "from": [ 4, -6, 11 ],
    "to": [ 6, -5, 13 ],
    "faces": {
        "down":  { "uv": [ 8, 9, 12, 13 ], "texture": "#0", "cullface": "down" },
        "north": { "uv": [ 1, 13, 3, 16 ], "texture": "#0", "cullface": "down" },
        "south": { "uv": [ 8, 11, 14, 15 ], "texture": "#0", "cullface": "down" },
        "west":  { "uv": [ 7, 10, 12, 14 ], "texture": "#0", "cullface": "down" },
        "east":  { "uv": [ 10, 10, 13, 14 ], "texture": "#0", "cullface": "down" }
    }
},
{
    "from": [ 7.5, -5, 13 ],
    "to": [ 9.5, -4, 16 ],
    "faces": {
        "down":  { "uv": [ 8, 9, 12, 13 ], "texture": "#0", "cullface": "down" },
        "up":    { "uv": [ 6, 10, 11, 14 ], "texture": "#0", "cullface": "down" },
        "south": { "uv": [ 8, 11, 14, 15 ], "texture": "#0", "cullface": "down" },
        "west":  { "uv": [ 7, 10, 12, 14 ], "texture": "#0", "cullface": "down" },
        "east":  { "uv": [ 10, 10, 13, 14 ], "texture": "#0", "cullface": "down" }
    }
},
{
    "from": [ 6, -4, -2 ],
    "to": [ 10, -2, -1 ],
    "faces": {
        "down":  { "uv": [ 8, 9, 12, 13 ], "texture": "#0", "cullface": "north" },
        "up":    { "uv": [ 6, 10, 11, 14 ], "texture": "#0", "cullface": "north" },
        "north": { "uv": [ 10, 2, 15, 4 ], "texture": "#0", "cullface": "north" },
        "west":  { "uv": [ 7, 10, 12, 14 ], "texture": "#0", "cullface": "north" },
        "east":  { "uv": [ 10, 10, 13, 14 ], "texture": "#0", "cullface": "north" }
    }
}
],
"display": {
    "thirdperson_righthand": {
        "rotation": [ 72, -7, 0 ],
        "translation": [ 0.76, 0.76, 5.29 ],
        "scale": [ 0.5, 0.5, 0.5 ]
    },
    "thirdperson_lefthand": {
        "rotation": [ 72, -7, 0 ],
        "translation": [ 0.76, 0.76, 5.29 ],
        "scale": [ 0.5, 0.5, 0.5 ]
    },
    "head": {
        "rotation": [ 0, 0, 0 ],
        "translation": [ 0, -13.5, 0 ],
        "scale": [ 1.5, 1.5, 1.5 ]
    },
    "ground": {
        "rotation": [ 0, 0, 0 ],
        "translation": [ 0, 13.8, 0 ],
        "scale": [ 1, 1, 1 ]
    },
    "fixed": {
        "rotation": [ -77, -7, 0 ],
        "translation": [ 0, 2.27, -15.12 ],
        "scale": [ 1, 1, 1 ]
    },
    "gui": {
        "rotation": [ 23, 142, 0 ],
        "translation": [ 0, 5.67, 0 ],
        "scale": [ 0.7, 0.7, 0.7 ]
    }
}
}