{
    "__comment": "Model generated using MrCrayfish's Model Creator (http://mrcrayfish.com/modelcreator/) a model by waterced1  (https://www.youtube.com/channel/UC0wUdYu3m81pfA8slxR9d4w) ",
    "textures": {
        "0": "items/mobs/crab/crab_claw",
        "1": "items/mobs/crab/down_crab",
        "2": "items/mobs/crab/top_crab"
    },
		"display": {
		"gui": {
			"rotation": [ 23, 142, 0 ],
			"translation": [ 0, 2, 0 ],
			"scale": [ 0.7, 0.7, 0.7 ]
        },
        "fixed": {
            "rotation": [ 90, 270, 90 ],
            "translation": [ 0, 4, 0],
            "scale":[ 1, 1, 1 ]
        },
        "ground": {
            "rotation": [ 0, 0, 0 ],
            "translation": [ 0, 5, 1 ],
            "scale": [ 0.3, 0.3, 0.3 ]
        },
        "thirdperson_righthand": {
            "rotation": [ 45, 45, 0 ],
            "translation": [ 1, 0, 1 ],
            "scale": [ 0.5, 0.5, 0.5 ]
        },
        "firstperson_righthand": {
            "rotation": [ 0, 0, 0 ],
            "translation": [ 0, 2, 0 ],
            "scale": [ 0.5, 0.5, 0.5 ]
        },
        "firstperson_lefthand": {
            "rotation": [ 0, 0, 0 ],
            "translation": [ 0, 2, 0 ],
            "scale": [ 0.5, 0.5, 0.5 ]
        },
        "head": {
            "rotation": [ 0, 0, 0 ],
            "translation": [ 0, -37, 0 ],
            "scale": [ 1 , 1 , 1 ]
        }
		},
    "elements": [
        {
            "name": "body1",
            "from": [ 5.0, 2.0, 6.0 ], 
            "to": [ 11.0, 3.0, 10.0 ], 
            "faces": {
                "north": { "texture": "#0", "uv": [ 0.0, 3.0, 6.0, 4.0 ] },
                "east": { "texture": "#0", "uv": [ 0.0, 5.0, 4.0, 6.0 ] },
                "south": { "texture": "#0", "uv": [ 0.0, 0.0, 6.0, 1.0 ] },
                "west": { "texture": "#0", "uv": [ 0.0, 0.0, 4.0, 1.0 ] },
                "up": { "texture": "#0", "uv": [ 0.0, 3.0, 6.0, 7.0 ] },
                "down": { "texture": "#1", "uv": [ 1.0, 2.0, 15.0, 16.0 ], "rotation": 270 }
            }
        },
        {
            "name": "body2",
            "from": [ 4.0, 3.0, 3.0 ], 
            "to": [ 12.0, 4.500000007450581, 13.0 ], 
            "faces": {
                "north": { "texture": "#2", "uv": [ 0.0, 0.0, 8.0, 1.5000000074505806 ] },
                "east": { "texture": "#2", "uv": [ 0.0, 0.0, 10.0, 1.5000000074505806 ] },
                "south": { "texture": "#2", "uv": [ 3.0, 0.0, 11.0, 1.5000000074505806 ] },
                "west": { "texture": "#2", "uv": [ 0.0, 0.0, 10.0, 1.5000000074505806 ] },
                "up": { "texture": "#2", "uv": [ 0.0, 0.0, 16.0, 16.0 ], "rotation": 270 },
                "down": { "texture": "#0", "uv": [ 0.0, 2.0, 4.0, 12.0 ], "rotation": 180 }
            }
        },
        {
            "name": "head",
            "from": [ 11.0, 4.0, 5.0 ], 
            "to": [ 13.0, 5.0, 11.0 ], 
            "faces": {
                "north": { "texture": "#2", "uv": [ 7.0, 4.0, 9.0, 5.0 ] },
                "east": { "texture": "#2", "uv": [ 4.0, 3.0, 10.0, 4.0 ] },
                "south": { "texture": "#2", "uv": [ 7.0, 4.0, 9.0, 5.0 ] },
                "west": { "texture": "#2", "uv": [ 5.0, 3.0, 11.0, 4.0 ] },
                "up": { "texture": "#2", "uv": [ 6.0, 2.0, 8.0, 8.0 ] },
                "down": { "texture": "#2", "uv": [ 4.0, 0.0, 11.0, 3.0 ], "rotation": 270 }
            }
        },
        {
            "name": "eye1a",
            "from": [ 12.0, 5.0, 10.699999995529652 ], 
            "to": [ 12.199999988079071, 7.0, 10.899999983608723 ], 
            "rotation": { "origin": [ 8.0, 8.0, 8.0 ], "axis": "x", "angle": 22.5 },
            "faces": {
                "north": { "texture": "#0", "uv": [ 15.0, 4.0, 15.199999988079071, 6.0 ] },
                "east": { "texture": "#0", "uv": [ 15.0, 4.0, 15.199999988079071, 6.0 ] },
                "south": { "texture": "#0", "uv": [ 15.0, 6.0, 15.199999988079071, 8.0 ] },
                "west": { "texture": "#0", "uv": [ 15.0, 5.0, 15.199999988079071, 7.0 ] },
                "up": { "texture": "#0", "uv": [ 15.0, 6.0, 15.199999988079071, 6.199999988079071 ] },
                "down": { "texture": "#0", "uv": [ 15.0, 4.0, 15.199999988079071, 4.199999988079071 ] }
            }
        },
        {
            "name": "eye2a",
            "from": [ 12.0, 5.0, 5.0 ], 
            "to": [ 12.199999988079071, 7.0, 5.199999988079071 ], 
            "rotation": { "origin": [ 8.0, 8.0, 8.0 ], "axis": "x", "angle": -22.5 },
            "faces": {
                "north": { "texture": "#0", "uv": [ 15.0, 4.0, 15.199999988079071, 6.0 ] },
                "east": { "texture": "#0", "uv": [ 15.0, 4.0, 15.199999988079071, 6.0 ] },
                "south": { "texture": "#0", "uv": [ 15.0, 6.0, 15.199999988079071, 8.0 ] },
                "west": { "texture": "#0", "uv": [ 15.0, 5.0, 15.199999988079071, 7.0 ] },
                "up": { "texture": "#0", "uv": [ 15.0, 6.0, 15.199999988079071, 6.199999988079071 ] },
                "down": { "texture": "#0", "uv": [ 15.0, 4.0, 15.199999988079071, 4.199999988079071 ] }
            }
        },
        {
            "name": "eye1b",
            "from": [ 12.0, 5.699999995529652, 9.900000013411045 ], 
            "to": [ 12.49999999254942, 6.199999988079071, 10.400000005960464 ], 
            "faces": {
                "north": { "texture": "#0", "uv": [ 15.0, 4.0, 15.49999999254942, 4.499999992549419 ] },
                "east": { "texture": "#0", "uv": [ 15.0, 4.0, 15.49999999254942, 4.499999992549419 ] },
                "south": { "texture": "#0", "uv": [ 15.0, 6.0, 15.49999999254942, 6.499999992549419 ] },
                "west": { "texture": "#0", "uv": [ 15.0, 5.0, 15.49999999254942, 5.499999992549419 ] },
                "up": { "texture": "#0", "uv": [ 15.0, 6.0, 15.49999999254942, 6.499999992549419 ] },
                "down": { "texture": "#0", "uv": [ 15.0, 4.0, 15.49999999254942, 4.499999992549419 ] }
            }
        },
        {
            "name": "eye2b",
            "from": [ 12.0, 5.699999995529652, 5.500000007450581 ], 
            "to": [ 12.49999999254942, 6.199999988079071, 6.0 ], 
            "faces": {
                "north": { "texture": "#0", "uv": [ 15.0, 4.0, 15.49999999254942, 4.499999992549419 ] },
                "east": { "texture": "#0", "uv": [ 15.0, 4.0, 15.49999999254942, 4.499999992549419 ] },
                "south": { "texture": "#0", "uv": [ 15.0, 6.0, 15.49999999254942, 6.499999992549419 ] },
                "west": { "texture": "#0", "uv": [ 15.0, 5.0, 15.49999999254942, 5.499999992549419 ] },
                "up": { "texture": "#0", "uv": [ 15.0, 6.0, 15.49999999254942, 6.499999992549419 ] },
                "down": { "texture": "#0", "uv": [ 15.0, 4.0, 15.49999999254942, 4.499999992549419 ] }
            }
        },
        {
            "name": "claw1a",
            "from": [ 10.0, 1.8999999985098839, 8.0 ], 
            "to": [ 16.0, 3.0, 10.0 ], 
            "rotation": { "origin": [ 8.0, 8.0, 8.0 ], "axis": "y", "angle": -45.0 },
            "faces": {
                "north": { "texture": "#0", "uv": [ 0.0, 7.0, 6.0, 8.100000001490116 ] },
                "east": { "texture": "#0", "uv": [ 0.0, 6.0, 2.0, 7.100000001490116 ] },
                "south": { "texture": "#0", "uv": [ 0.0, 5.0, 6.0, 6.100000001490116 ] },
                "west": { "texture": "#0", "uv": [ 0.0, 9.0, 2.0, 10.100000001490116 ] },
                "up": { "texture": "#0", "uv": [ 0.0, 2.0, 6.0, 4.0 ] },
                "down": { "texture": "#1", "uv": [ 0.0, 14.0, 6.0, 16.0 ], "rotation": 180 }
            }
        },
        {
            "name": "claw2a",
            "from": [ 10.0, 1.8999999985098839, 6.0 ], 
            "to": [ 16.0, 3.0, 8.0 ], 
            "rotation": { "origin": [ 8.0, 8.0, 8.0 ], "axis": "y", "angle": 45.0 },
            "faces": {
                "north": { "texture": "#0", "uv": [ 0.0, 7.0, 6.0, 8.100000001490116 ] },
                "east": { "texture": "#0", "uv": [ 0.0, 6.0, 2.0, 7.100000001490116 ] },
                "south": { "texture": "#0", "uv": [ 0.0, 5.0, 6.0, 6.100000001490116 ] },
                "west": { "texture": "#0", "uv": [ 0.0, 9.0, 2.0, 10.100000001490116 ] },
                "up": { "texture": "#0", "uv": [ 0.0, 2.0, 6.0, 4.0 ] },
                "down": { "texture": "#1", "uv": [ 12.0, 14.0, 18.0, 16.0 ] }
            }
        },
        {
            "name": "claw2b",
            "from": [ 14.0, 1.7999999970197678, 4.0 ], 
            "to": [ 16.0, 2.7999999970197678, 8.0 ], 
            "rotation": { "origin": [ 8.0, 8.0, 8.0 ], "axis": "y", "angle": 22.5 },
            "faces": {
                "north": { "texture": "#0", "uv": [ 0.0, 0.0, 5.0, 8.0 ], "rotation": 90 },
                "east": { "texture": "#0", "uv": [ 0.0, 1.0, 16.0, 5.0 ], "rotation": 180 },
                "south": { "texture": "#0", "uv": [ 13.0, 1.0, 16.0, 9.0 ] },
                "west": { "texture": "#0", "uv": [ 0.0, 0.0, 16.0, 4.0 ] },
                "up": { "texture": "#0", "uv": [ 0.0, 2.0, 16.0, 6.0 ], "rotation": 90 },
                "down": { "texture": "#0", "uv": [ 0.0, 0.0, 16.0, 4.0 ], "rotation": 270 }
            }
        },
        {
            "name": "claw1b",
            "from": [ 14.0, 1.7999999970197678, 8.0 ], 
            "to": [ 16.0, 2.7999999970197678, 12.0 ], 
            "rotation": { "origin": [ 8.0, 8.0, 8.0 ], "axis": "y", "angle": -22.5 },
            "faces": {
                "north": { "texture": "#0", "uv": [ 14.0, 4.0, 16.0, 8.0 ] },
                "east": { "texture": "#0", "uv": [ 0.0, 1.0, 16.0, 5.0 ] },
                "south": { "texture": "#0", "uv": [ 2.0, 3.0, 5.0, 11.0 ] },
                "west": { "texture": "#0", "uv": [ 0.0, 0.0, 16.0, 4.0 ], "rotation": 180 },
                "up": { "texture": "#0", "uv": [ 0.0, 3.0, 16.0, 7.0 ], "rotation": 270 },
                "down": { "texture": "#0", "uv": [ 0.0, 3.0, 16.0, 7.0 ], "rotation": 90 }
            }
        },
        {
            "name": "claw2c",
            "from": [ 13.49999999254942, 1.8999999985098839, 5.0 ], 
            "to": [ 14.199999988079071, 2.5999999940395355, 7.0 ], 
            "faces": {
                "north": { "texture": "#0", "uv": [ 14.0, 4.0, 14.699999995529652, 4.699999995529652 ] },
                "east": { "texture": "#0", "uv": [ 14.0, 8.0, 16.0, 8.699999995529652 ] },
                "south": { "texture": "#0", "uv": [ 14.0, 6.0, 14.699999995529652, 6.699999995529652 ] },
                "west": { "texture": "#0", "uv": [ 14.0, 5.0, 16.0, 5.699999995529652 ] },
                "up": { "texture": "#0", "uv": [ 15.0, 5.0, 15.699999995529652, 7.0 ] },
                "down": { "texture": "#0", "uv": [ 14.0, 4.0, 14.699999995529652, 6.0 ] }
            }
        },
        {
            "name": "claw1c",
            "from": [ 13.49999999254942, 1.8999999985098839, 9.0 ], 
            "to": [ 14.199999988079071, 2.5999999940395355, 11.0 ], 
            "faces": {
                "north": { "texture": "#0", "uv": [ 14.0, 4.0, 14.699999995529652, 4.699999995529652 ] },
                "east": { "texture": "#0", "uv": [ 14.0, 8.0, 16.0, 8.699999995529652 ] },
                "south": { "texture": "#0", "uv": [ 14.0, 6.0, 14.699999995529652, 6.699999995529652 ] },
                "west": { "texture": "#0", "uv": [ 14.0, 5.0, 16.0, 5.699999995529652 ] },
                "up": { "texture": "#0", "uv": [ 15.0, 5.0, 15.699999995529652, 7.0 ] },
                "down": { "texture": "#0", "uv": [ 14.0, 4.0, 14.699999995529652, 6.0 ] }
            }
        },
        {
            "name": "claw1d",
            "from": [ 15.099999986588955, 1.8999999985098839, 6.4000000059604645 ], 
            "to": [ 15.799999982118607, 2.5999999940395355, 8.400000005960464 ], 
            "rotation": { "origin": [ 8.0, 8.0, 8.0 ], "axis": "y", "angle": -22.5 },
            "faces": {
                "north": { "texture": "#0", "uv": [ 14.0, 4.0, 14.699999995529652, 4.699999995529652 ] },
                "east": { "texture": "#0", "uv": [ 14.0, 8.0, 16.0, 8.699999995529652 ] },
                "south": { "texture": "#0", "uv": [ 14.0, 6.0, 14.699999995529652, 6.699999995529652 ] },
                "west": { "texture": "#0", "uv": [ 14.0, 5.0, 16.0, 5.699999995529652 ] },
                "up": { "texture": "#0", "uv": [ 15.0, 5.0, 15.699999995529652, 7.0 ] },
                "down": { "texture": "#0", "uv": [ 14.0, 4.0, 14.699999995529652, 6.0 ] }
            }
        },
        {
            "name": "clawn2d",
            "from": [ 15.199999988079071, 1.8999999985098839, 7.4000000059604645 ], 
            "to": [ 15.899999983608723, 2.5999999940395355, 9.400000005960464 ], 
            "rotation": { "origin": [ 8.0, 8.0, 8.0 ], "axis": "y", "angle": 22.5 },
            "faces": {
                "north": { "texture": "#0", "uv": [ 14.0, 4.0, 14.699999995529652, 4.699999995529652 ] },
                "east": { "texture": "#0", "uv": [ 14.0, 8.0, 16.0, 8.699999995529652 ] },
                "south": { "texture": "#0", "uv": [ 14.0, 6.0, 14.699999995529652, 6.699999995529652 ] },
                "west": { "texture": "#0", "uv": [ 14.0, 5.0, 16.0, 5.699999995529652 ] },
                "up": { "texture": "#0", "uv": [ 15.0, 5.0, 15.699999995529652, 7.0 ] },
                "down": { "texture": "#0", "uv": [ 14.0, 4.0, 14.699999995529652, 6.0 ] }
            }
        },
        {
            "name": "leg1",
            "from": [ 9.0, 2.100000001490116, 0.0 ], 
            "to": [ 10.0, 3.100000001490116, 6.0 ], 
            "faces": {
                "north": { "texture": "#2", "uv": [ 0.0, 0.0, 1.0, 1.0 ] },
                "east": { "texture": "#2", "uv": [ 0.0, 0.0, 6.0, 1.0 ] },
                "south": { "texture": "#2", "uv": [ 0.0, 0.0, 1.0, 1.0 ] },
                "west": { "texture": "#2", "uv": [ 0.0, 0.0, 6.0, 1.0 ] },
                "up": { "texture": "#2", "uv": [ 0.0, 10.0, 1.0, 16.0 ] },
                "down": { "texture": "#1", "uv": [ 0.0, 0.0, 1.0, 6.0 ] }
            }
        },
        {
            "name": "leg2",
            "from": [ 9.0, 2.100000001490116, 10.0 ], 
            "to": [ 10.0, 3.100000001490116, 16.0 ], 
            "faces": {
                "north": { "texture": "#2", "uv": [ 0.0, 0.0, 1.0, 1.0 ] },
                "east": { "texture": "#2", "uv": [ 0.0, 0.0, 6.0, 1.0 ] },
                "south": { "texture": "#2", "uv": [ 0.0, 0.0, 1.0, 1.0 ] },
                "west": { "texture": "#2", "uv": [ 0.0, 0.0, 6.0, 1.0 ] },
                "up": { "texture": "#2", "uv": [ 12.0, 2.0, 13.0, 8.0 ] },
                "down": { "texture": "#1", "uv": [ 0.0, 0.0, 1.0, 6.0 ] }
            }
        },
        {
            "name": "leg3",
            "from": [ 7.0, 2.100000001490116, 0.0 ], 
            "to": [ 8.0, 3.100000001490116, 6.0 ], 
            "faces": {
                "north": { "texture": "#2", "uv": [ 0.0, 0.0, 1.0, 1.0 ] },
                "east": { "texture": "#2", "uv": [ 0.0, 0.0, 6.0, 1.0 ] },
                "south": { "texture": "#2", "uv": [ 0.0, 0.0, 1.0, 1.0 ] },
                "west": { "texture": "#2", "uv": [ 0.0, 0.0, 6.0, 1.0 ] },
                "up": { "texture": "#2", "uv": [ 0.0, 10.0, 1.0, 16.0 ] },
                "down": { "texture": "#1", "uv": [ 0.0, 0.0, 1.0, 6.0 ] }
            }
        },
        {
            "name": "leg4",
            "from": [ 7.0, 2.100000001490116, 10.0 ], 
            "to": [ 8.0, 3.100000001490116, 16.0 ], 
            "faces": {
                "north": { "texture": "#2", "uv": [ 0.0, 0.0, 1.0, 1.0 ] },
                "east": { "texture": "#2", "uv": [ 0.0, 0.0, 6.0, 1.0 ] },
                "south": { "texture": "#2", "uv": [ 0.0, 0.0, 1.0, 1.0 ] },
                "west": { "texture": "#2", "uv": [ 0.0, 0.0, 6.0, 1.0 ] },
                "up": { "texture": "#2", "uv": [ 12.0, 2.0, 13.0, 8.0 ] },
                "down": { "texture": "#1", "uv": [ 0.0, 0.0, 1.0, 6.0 ] }
            }
        },
        {
            "name": "leg5",
            "from": [ 7.0, 1.8999999985098839, 0.0 ], 
            "to": [ 8.0, 3.100000001490116, 6.0 ], 
            "rotation": { "origin": [ 8.0, 8.0, 8.0 ], "axis": "y", "angle": 22.5 },
            "faces": {
                "north": { "texture": "#2", "uv": [ 0.0, 0.0, 1.0, 1.2000000029802322 ] },
                "east": { "texture": "#2", "uv": [ 0.0, 0.0, 6.0, 1.2000000029802322 ] },
                "south": { "texture": "#2", "uv": [ 0.0, 0.0, 1.0, 1.2000000029802322 ] },
                "west": { "texture": "#2", "uv": [ 0.0, 0.0, 6.0, 1.2000000029802322 ] },
                "up": { "texture": "#2", "uv": [ 0.0, 10.0, 1.0, 16.0 ] },
                "down": { "texture": "#1", "uv": [ 0.0, 0.0, 1.0, 6.0 ] }
            }
        },
        {
            "name": "leg6",
            "from": [ 7.0, 1.8999999985098839, 10.0 ], 
            "to": [ 8.0, 3.100000001490116, 16.0 ], 
            "rotation": { "origin": [ 8.0, 8.0, 8.0 ], "axis": "y", "angle": -22.5 },
            "faces": {
                "north": { "texture": "#2", "uv": [ 0.0, 0.0, 1.0, 1.2000000029802322 ] },
                "east": { "texture": "#2", "uv": [ 0.0, 0.0, 6.0, 1.2000000029802322 ] },
                "south": { "texture": "#2", "uv": [ 0.0, 0.0, 1.0, 1.2000000029802322 ] },
                "west": { "texture": "#2", "uv": [ 0.0, 0.0, 6.0, 1.2000000029802322 ] },
                "up": { "texture": "#2", "uv": [ 12.0, 2.0, 13.0, 8.0 ] },
                "down": { "texture": "#1", "uv": [ 0.0, 0.0, 1.0, 6.0 ] }
            }
        },
        {
            "name": "leg7",
            "from": [ 7.0, 1.8999999985098839, 0.0 ], 
            "to": [ 8.0, 3.100000001490116, 6.0 ], 
            "rotation": { "origin": [ 8.0, 8.0, 8.0 ], "axis": "y", "angle": 45.0 },
            "faces": {
                "north": { "texture": "#2", "uv": [ 0.0, 0.0, 1.0, 1.2000000029802322 ] },
                "east": { "texture": "#2", "uv": [ 0.0, 0.0, 6.0, 1.2000000029802322 ] },
                "south": { "texture": "#2", "uv": [ 0.0, 0.0, 1.0, 1.2000000029802322 ] },
                "west": { "texture": "#2", "uv": [ 0.0, 0.0, 6.0, 1.2000000029802322 ] },
                "up": { "texture": "#2", "uv": [ 0.0, 10.0, 1.0, 16.0 ] },
                "down": { "texture": "#1", "uv": [ 0.0, 0.0, 1.0, 6.0 ] }
            }
        },
        {
            "name": "leg8",
            "from": [ 7.0, 1.8999999985098839, 10.0 ], 
            "to": [ 8.0, 3.100000001490116, 16.0 ], 
            "rotation": { "origin": [ 8.0, 8.0, 8.0 ], "axis": "y", "angle": -45.0 },
            "faces": {
                "north": { "texture": "#2", "uv": [ 0.0, 0.0, 1.0, 1.2000000029802322 ] },
                "east": { "texture": "#2", "uv": [ 0.0, 0.0, 6.0, 1.2000000029802322 ] },
                "south": { "texture": "#2", "uv": [ 0.0, 0.0, 1.0, 1.2000000029802322 ] },
                "west": { "texture": "#2", "uv": [ 0.0, 0.0, 6.0, 1.2000000029802322 ] },
                "up": { "texture": "#2", "uv": [ 12.0, 2.0, 13.0, 8.0 ] },
                "down": { "texture": "#1", "uv": [ 0.0, 0.0, 1.0, 6.0 ] }
            }
        },
        {
            "name": "a2",
            "from": [ 9.100000001490116, -3.6000000089406967, 12.49999999254942 ], 
            "to": [ 9.899999998509884, 0.3999999910593033, 13.49999999254942 ], 
            "rotation": { "origin": [ 8.0, 8.0, 8.0 ], "axis": "x", "angle": -22.5 },
            "faces": {
                "north": { "texture": "#2", "uv": [ 0.0, 0.0, 0.7999999970197678, 4.0 ] },
                "east": { "texture": "#2", "uv": [ 0.0, 0.0, 1.0, 4.0 ] },
                "south": { "texture": "#2", "uv": [ 2.0, 4.0, 2.7999999970197678, 8.0 ] },
                "west": { "texture": "#2", "uv": [ 0.0, 0.0, 1.0, 4.0 ] },
                "up": { "texture": "#2", "uv": [ 0.0, 0.0, 0.7999999970197678, 1.0 ] },
                "down": { "texture": "#2", "uv": [ 0.0, 0.0, 0.7999999970197678, 1.0 ] }
            }
        },
        {
            "name": "a2",
            "from": [ 4.100000001490116, -3.4000000059604645, 11.899999983608723 ], 
            "to": [ 4.899999998509884, 0.5999999940395355, 12.899999983608723 ], 
            "rotation": { "origin": [ 8.0, 8.0, 8.0 ], "axis": "x", "angle": -22.5 },
            "faces": {
                "north": { "texture": "#2", "uv": [ 0.0, 0.0, 0.7999999970197678, 4.0 ] },
                "east": { "texture": "#2", "uv": [ 0.0, 0.0, 1.0, 4.0 ] },
                "south": { "texture": "#2", "uv": [ 2.0, 4.0, 2.7999999970197678, 8.0 ] },
                "west": { "texture": "#2", "uv": [ 0.0, 0.0, 1.0, 4.0 ] },
                "up": { "texture": "#2", "uv": [ 0.0, 0.0, 0.7999999970197678, 1.0 ] },
                "down": { "texture": "#2", "uv": [ 0.0, 0.0, 0.7999999970197678, 1.0 ] }
            }
        },
        {
            "name": "a2",
            "from": [ 1.7999999970197678, -2.5999999940395355, 5.0 ], 
            "to": [ 2.5999999940395355, 1.4000000059604645, 6.0 ], 
            "rotation": { "origin": [ 8.0, 8.0, 8.0 ], "axis": "x", "angle": 22.5 },
            "faces": {
                "north": { "texture": "#2", "uv": [ 2.0, 4.0, 2.7999999970197678, 8.0 ] },
                "east": { "texture": "#2", "uv": [ 0.0, 0.0, 1.0, 4.0 ] },
                "south": { "texture": "#2", "uv": [ 0.0, 0.0, 0.7999999970197678, 4.0 ] },
                "west": { "texture": "#2", "uv": [ 0.0, 0.0, 1.0, 4.0 ] },
                "up": { "texture": "#2", "uv": [ 0.0, 0.0, 0.7999999970197678, 1.0 ] },
                "down": { "texture": "#2", "uv": [ 0.0, 0.0, 0.7999999970197678, 1.0 ] }
            }
        },
        {
            "name": "a2",
            "from": [ 7.100000001490116, -3.5999999940395355, 2.5000000074505806 ], 
            "to": [ 7.899999998509884, 0.4000000059604645, 3.5000000074505806 ], 
            "rotation": { "origin": [ 8.0, 8.0, 8.0 ], "axis": "x", "angle": 22.5 },
            "faces": {
                "north": { "texture": "#2", "uv": [ 2.0, 4.0, 2.7999999970197678, 8.0 ] },
                "east": { "texture": "#2", "uv": [ 0.0, 0.0, 1.0, 4.0 ] },
                "south": { "texture": "#2", "uv": [ 0.0, 0.0, 0.7999999970197678, 4.0 ] },
                "west": { "texture": "#2", "uv": [ 0.0, 0.0, 1.0, 4.0 ] },
                "up": { "texture": "#2", "uv": [ 0.0, 0.0, 0.7999999970197678, 1.0 ] },
                "down": { "texture": "#2", "uv": [ 0.0, 0.0, 0.7999999970197678, 1.0 ] }
            }
        },
        {
            "name": "b2",
            "from": [ 9.100000001490116, -3.5999999940395355, 2.5000000074505806 ], 
            "to": [ 9.899999998509884, 0.4000000059604645, 3.5000000074505806 ], 
            "rotation": { "origin": [ 8.0, 8.0, 8.0 ], "axis": "x", "angle": 22.5 },
            "faces": {
                "north": { "texture": "#2", "uv": [ 2.0, 4.0, 2.7999999970197678, 8.0 ] },
                "east": { "texture": "#2", "uv": [ 0.0, 0.0, 1.0, 4.0 ] },
                "south": { "texture": "#2", "uv": [ 0.0, 0.0, 0.7999999970197678, 4.0 ] },
                "west": { "texture": "#2", "uv": [ 0.0, 0.0, 1.0, 4.0 ] },
                "up": { "texture": "#2", "uv": [ 0.0, 0.0, 0.7999999970197678, 1.0 ] },
                "down": { "texture": "#2", "uv": [ 0.0, 0.0, 0.7999999970197678, 1.0 ] }
            }
        },
        {
            "name": "b2",
            "from": [ 4.100000001490116, -3.299999989569187, 3.000000014901161 ], 
            "to": [ 4.899999998509884, 0.7000000104308128, 4.000000014901161 ], 
            "rotation": { "origin": [ 8.0, 8.0, 8.0 ], "axis": "x", "angle": 22.5 },
            "faces": {
                "north": { "texture": "#2", "uv": [ 2.0, 4.0, 2.7999999970197678, 8.0 ] },
                "east": { "texture": "#2", "uv": [ 0.0, 0.0, 1.0, 4.0 ] },
                "south": { "texture": "#2", "uv": [ 0.0, 0.0, 0.7999999970197678, 4.0 ] },
                "west": { "texture": "#2", "uv": [ 0.0, 0.0, 1.0, 4.0 ] },
                "up": { "texture": "#2", "uv": [ 0.0, 0.0, 0.7999999970197678, 1.0 ] },
                "down": { "texture": "#2", "uv": [ 0.0, 0.0, 0.7999999970197678, 1.0 ] }
            }
        },
        {
            "name": "b2",
            "from": [ 7.100000001490116, -3.6000000089406967, 12.49999999254942 ], 
            "to": [ 7.899999998509884, 0.3999999910593033, 13.49999999254942 ], 
            "rotation": { "origin": [ 8.0, 8.0, 8.0 ], "axis": "x", "angle": -22.5 },
            "faces": {
                "north": { "texture": "#2", "uv": [ 0.0, 0.0, 0.7999999970197678, 4.0 ] },
                "east": { "texture": "#2", "uv": [ 0.0, 0.0, 1.0, 4.0 ] },
                "south": { "texture": "#2", "uv": [ 2.0, 4.0, 2.7999999970197678, 8.0 ] },
                "west": { "texture": "#2", "uv": [ 0.0, 0.0, 1.0, 4.0 ] },
                "up": { "texture": "#2", "uv": [ 0.0, 0.0, 0.7999999970197678, 1.0 ] },
                "down": { "texture": "#2", "uv": [ 0.0, 0.0, 0.7999999970197678, 1.0 ] }
            }
        },
        {
            "name": "b2",
            "from": [ 1.7999999970197678, -2.6000000089406967, 9.999999985098839 ], 
            "to": [ 2.5999999940395355, 1.3999999910593033, 10.999999985098839 ], 
            "rotation": { "origin": [ 8.0, 8.0, 8.0 ], "axis": "x", "angle": -22.5 },
            "faces": {
                "north": { "texture": "#2", "uv": [ 0.0, 0.0, 0.7999999970197678, 4.0 ] },
                "east": { "texture": "#2", "uv": [ 0.0, 0.0, 1.0, 4.0 ] },
                "south": { "texture": "#2", "uv": [ 2.0, 4.0, 2.7999999970197678, 8.0 ] },
                "west": { "texture": "#2", "uv": [ 0.0, 0.0, 1.0, 4.0 ] },
                "up": { "texture": "#2", "uv": [ 0.0, 0.0, 0.7999999970197678, 1.0 ] },
                "down": { "texture": "#2", "uv": [ 0.0, 0.0, 0.7999999970197678, 1.0 ] }
            }
        }
    ]
}