{
    "__comment": "Model generated using MrCrayfish's Model Creator (http://mrcrayfish.com/modelcreator/)",
    "textures": {
        "0": "blocks/wool_colored_black",
        "1": "blocks/wool_colored_pink"
    },
    "elements": [
        {
            "name": "ear1",
            "from": [ 1.0, 12.5, 1.0 ], 
            "to": [ 2.0, 16.5, 3.0 ], 
            "faces": {
                "north": { "texture": "#0", "uv": [ 0.0, 0.0, 1.0, 3.0 ] },
                "east": { "texture": "#0", "uv": [ 0.0, 0.0, 2.0, 3.0 ] },
                "south": { "texture": "#0", "uv": [ 0.0, 0.0, 1.0, 3.0 ] },
                "west": { "texture": "#0", "uv": [ 0.0, 0.0, 2.0, 3.0 ] },
                "up": { "texture": "#0", "uv": [ 0.0, 0.0, 1.0, 2.0 ] },
                "down": { "texture": "#0", "uv": [ 0.0, 0.0, 1.0, 2.0 ] }
            }
        },
        {
            "name": "ear1",
            "from": [ 2.0, 15.5, 1.0 ], 
            "to": [ 3.0, 16.5, 3.0 ], 
            "faces": {
                "north": { "texture": "#0", "uv": [ 0.0, 0.0, 1.0, 1.0 ] },
                "east": { "texture": "#0", "uv": [ 0.0, 0.0, 2.0, 1.0 ] },
                "south": { "texture": "#0", "uv": [ 0.0, 0.0, 1.0, 1.0 ] },
                "west": { "texture": "#0", "uv": [ 0.0, 0.0, 2.0, 1.0 ] },
                "up": { "texture": "#0", "uv": [ 0.0, 0.0, 1.0, 2.0 ] },
                "down": { "texture": "#0", "uv": [ 0.0, 0.0, 1.0, 2.0 ] }
            }
        },
        {
            "name": "ear1",
            "from": [ 3.0, 13.0, 1.0 ], 
            "to": [ 4.0, 15.5, 3.0 ], 
            "faces": {
                "north": { "texture": "#0", "uv": [ 0.0, 0.0, 1.0, 1.0 ] },
                "east": { "texture": "#0", "uv": [ 0.0, 0.0, 2.0, 1.0 ] },
                "south": { "texture": "#0", "uv": [ 0.0, 0.0, 1.0, 1.0 ] },
                "west": { "texture": "#0", "uv": [ 0.0, 0.0, 2.0, 1.0 ] },
                "up": { "texture": "#0", "uv": [ 0.0, 0.0, 1.0, 2.0 ] },
                "down": { "texture": "#0", "uv": [ 0.0, 0.0, 1.0, 2.0 ] }
            }
        },
        {
            "name": "ear1",
            "from": [ 2.0, 12.5, 1.0 ], 
            "to": [ 3.0, 15.5, 3.0 ], 
            "faces": {
                "north": { "texture": "#1", "uv": [ 0.0, 0.0, 1.0, 1.0 ] },
                "east": { "texture": "#1", "uv": [ 0.0, 0.0, 2.0, 1.0 ] },
                "south": { "texture": "#1", "uv": [ 0.0, 0.0, 1.0, 1.0 ] },
                "west": { "texture": "#1", "uv": [ 0.0, 0.0, 2.0, 1.0 ] },
                "up": { "texture": "#1", "uv": [ 0.0, 0.0, 1.0, 2.0 ] },
                "down": { "texture": "#1", "uv": [ 0.0, 0.0, 1.0, 2.0 ] }
            }
        },
        {
            "name": "Cube",
            "from": [ 14.0, 12.5, 1.0 ], 
            "to": [ 15.0, 16.5, 3.0 ], 
            "faces": {
                "north": { "texture": "#0", "uv": [ 0.0, 0.0, 1.0, 3.0 ] },
                "east": { "texture": "#0", "uv": [ 0.0, 0.0, 2.0, 3.0 ] },
                "south": { "texture": "#0", "uv": [ 0.0, 0.0, 1.0, 3.0 ] },
                "west": { "texture": "#0", "uv": [ 0.0, 0.0, 2.0, 3.0 ] },
                "up": { "texture": "#0", "uv": [ 0.0, 0.0, 1.0, 2.0 ] },
                "down": { "texture": "#0", "uv": [ 0.0, 0.0, 1.0, 2.0 ] }
            }
        },
        {
            "name": "Cube",
            "from": [ 13.0, 15.5, 1.0 ], 
            "to": [ 14.0, 16.5, 3.0 ], 
            "faces": {
                "north": { "texture": "#0", "uv": [ 0.0, 0.0, 1.0, 1.0 ] },
                "east": { "texture": "#0", "uv": [ 0.0, 0.0, 2.0, 1.0 ] },
                "south": { "texture": "#0", "uv": [ 0.0, 0.0, 1.0, 1.0 ] },
                "west": { "texture": "#0", "uv": [ 0.0, 0.0, 2.0, 1.0 ] },
                "up": { "texture": "#0", "uv": [ 0.0, 0.0, 1.0, 2.0 ] },
                "down": { "texture": "#0", "uv": [ 0.0, 0.0, 1.0, 2.0 ] }
            }
        },
        {
            "name": "Cube",
            "from": [ 12.0, 13.0, 1.0 ], 
            "to": [ 13.0, 15.5, 3.0 ], 
            "faces": {
                "north": { "texture": "#0", "uv": [ 0.0, 0.0, 1.0, 1.0 ] },
                "east": { "texture": "#0", "uv": [ 0.0, 0.0, 2.0, 1.0 ] },
                "south": { "texture": "#0", "uv": [ 0.0, 0.0, 1.0, 1.0 ] },
                "west": { "texture": "#0", "uv": [ 0.0, 0.0, 2.0, 1.0 ] },
                "up": { "texture": "#0", "uv": [ 0.0, 0.0, 1.0, 2.0 ] },
                "down": { "texture": "#0", "uv": [ 0.0, 0.0, 1.0, 2.0 ] }
            }
        },
        {
            "name": "Cube",
            "from": [ 13.0, 12.5, 1.0 ], 
            "to": [ 14.0, 15.5, 3.0 ], 
            "faces": {
                "north": { "texture": "#1", "uv": [ 0.0, 0.0, 1.0, 1.0 ] },
                "east": { "texture": "#1", "uv": [ 0.0, 0.0, 2.0, 1.0 ] },
                "south": { "texture": "#1", "uv": [ 0.0, 0.0, 1.0, 1.0 ] },
                "west": { "texture": "#1", "uv": [ 0.0, 0.0, 2.0, 1.0 ] },
                "up": { "texture": "#1", "uv": [ 0.0, 0.0, 1.0, 2.0 ] },
                "down": { "texture": "#1", "uv": [ 0.0, 0.0, 1.0, 2.0 ] }
            }
        }
    ],
	"display": {
        "gui": {
            "rotation": [ 0, 0, 0 ],
            "translation": [ 0, -2, 0 ],
            "scale": [ 1, 1, 1 ]
        },
        "fixed": {
            "rotation": [ 0, 180, 0 ],
            "translation": [ 0, -2, -6],
            "scale":[ 1, 1, 1 ]
        },
        "ground": {
            "rotation": [ 0, 0, 0 ],
            "translation": [ 0, 5, 1 ],
            "scale": [ 0.3, 0.3, 0.3 ]
        },
        "thirdperson_righthand": {
            "rotation": [ 45, 45, 0 ],
            "translation": [ 1, 0, 1 ],
            "scale": [ 0, 0, 0 ]
        },
        "firstperson_righthand": {
            "rotation": [ 0, 0, 0 ],
            "translation": [ 0, -10, 0 ],
            "scale": [ 0, 0, 0 ]
        },
        "firstperson_lefthand": {
            "rotation": [ 0, 0, 0 ],
            "translation": [ 0, -10, 0 ],
            "scale": [ 0, 0, 0 ]
        }
    }
}