{
"__comment": "Designed by Deadxtogo with BDcraft Cubik PRO 0.96 Beta - http://bdcraft.net",
"textures": {
    "particle": "items/furniture/tardis/tardis",
    "texture": "items/furniture/tardis/tardis"
},
"elements": [ 
{
    "from": [ 3, 0, 3 ],
    "to": [ 13, 0.5, 13 ],
    "faces": {
        "down":  { "uv": [ 0, 8, 8, 16 ], "texture": "#texture" },
        "up":    { "uv": [ 0, 8, 8, 16 ], "texture": "#texture" },
        "north": { "uv": [ 1.5, 13, 7.5, 14.5 ], "texture": "#texture" },
        "south": { "uv": [ 1.5, 13, 7.5, 14.5 ], "texture": "#texture" },
        "west":  { "uv": [ 1.5, 11.5, 7, 14 ], "texture": "#texture" },
        "east":  { "uv": [ 1.5, 11.5, 7, 14 ], "texture": "#texture" }
    }
},
{
    "from": [ 4, 1, 4 ],
    "to": [ 12, 10, 12 ],
    "faces": {
        "down":  { "uv": [ 8, 16, 16, 8 ], "texture": "#texture" },
        "up":    { "uv": [ 8, 8, 16, 16 ], "texture": "#texture" },
        "north": { "uv": [ 8, 9, 16, 14.5 ], "texture": "#texture" },
        "south": { "uv": [ 8, 16, 16, 11.5 ], "texture": "#texture" },
        "west":  { "uv": [ 8, 8, 13, 13 ], "rotation": 270, "texture": "#texture" },
        "east":  { "uv": [ 16, 8, 10, 14 ], "texture": "#texture" }
    }
},
{
    "from": [ 3.5, 0.5, 3.5 ],
    "to": [ 12.5, 1, 12.5 ],
    "faces": {
        "down":  { "uv": [ 0, 8, 8, 16 ], "texture": "#texture" },
        "up":    { "uv": [ 0, 8, 8, 16 ], "texture": "#texture" },
        "north": { "uv": [ 1.5, 13, 7.5, 14.5 ], "texture": "#texture" },
        "south": { "uv": [ 1.5, 13, 7.5, 14.5 ], "texture": "#texture" },
        "west":  { "uv": [ 1.5, 11.5, 7, 14 ], "texture": "#texture" },
        "east":  { "uv": [ 1.5, 11.5, 7, 14 ], "texture": "#texture" }
    }
},
{
    "from": [ 3.5, 1, 11.5 ],
    "to": [ 4.5, 13.5, 12.5 ],
    "faces": {
        "down":  { "uv": [ 4.5, 12.5, 3.5, 11.5 ], "texture": "#texture" },
        "up":    { "uv": [ 3, 11, 4, 12 ], "texture": "#texture" },
        "north": { "uv": [ 2, 9.5, 4.5, 13 ], "texture": "#texture" },
        "south": { "uv": [ 2, 9.5, 4.5, 13 ], "texture": "#texture" },
        "west":  { "uv": [ 2, 9.5, 6, 13.5 ], "texture": "#texture" },
        "east":  { "uv": [ 2, 9.5, 6, 13.5 ], "texture": "#texture" }
    }
},
{
    "from": [ 4.5, 3.5, 3.5 ],
    "to": [ 7.5, 4, 12.5 ],
    "faces": {
        "down":  { "uv": [ 0.5, 9.5, 6, 14 ], "texture": "#texture" },
        "up":    { "uv": [ 0.5, 9.5, 6, 14 ], "texture": "#texture" },
        "north": { "uv": [ 1, 12.5, 4, 13 ], "texture": "#texture" },
        "south": { "uv": [ 1, 12.5, 4, 13 ], "texture": "#texture" },
        "west":  { "uv": [ 0, 12.5, 6, 15 ], "texture": "#texture" },
        "east":  { "uv": [ 0, 12.5, 6, 15 ], "texture": "#texture" }
    }
},
{
    "from": [ 4.5, 6.5, 3.5 ],
    "to": [ 7.5, 7, 12.5 ],
    "faces": {
        "down":  { "uv": [ 0.5, 9.5, 6, 14 ], "texture": "#texture" },
        "up":    { "uv": [ 0.5, 9.5, 6, 14 ], "texture": "#texture" },
        "north": { "uv": [ 1, 12.5, 4, 13 ], "texture": "#texture" },
        "south": { "uv": [ 1, 12.5, 4, 13 ], "texture": "#texture" },
        "west":  { "uv": [ 0, 12.5, 6, 15 ], "texture": "#texture" },
        "east":  { "uv": [ 0, 12.5, 6, 15 ], "texture": "#texture" }
    }
},
{
    "from": [ 4.5, 9.5, 3.5 ],
    "to": [ 7.5, 10, 12.5 ],
    "faces": {
        "down":  { "uv": [ 0.5, 9.5, 6, 14 ], "texture": "#texture" },
        "up":    { "uv": [ 0.5, 9.5, 6, 14 ], "texture": "#texture" },
        "north": { "uv": [ 1, 12.5, 4, 13 ], "texture": "#texture" },
        "south": { "uv": [ 1, 12.5, 4, 13 ], "texture": "#texture" },
        "west":  { "uv": [ 0, 12.5, 6, 15 ], "texture": "#texture" },
        "east":  { "uv": [ 0, 12.5, 6, 15 ], "texture": "#texture" }
    }
},
{
    "from": [ 11.5, 1, 11.5 ],
    "to": [ 12.5, 13.5, 12.5 ],
    "faces": {
        "down":  { "uv": [ 4.5, 12.5, 3.5, 11.5 ], "texture": "#texture" },
        "up":    { "uv": [ 3, 11, 4, 12 ], "texture": "#texture" },
        "north": { "uv": [ 2, 9.5, 4.5, 13 ], "texture": "#texture" },
        "south": { "uv": [ 2, 9.5, 4.5, 13 ], "texture": "#texture" },
        "west":  { "uv": [ 2, 9.5, 6, 13.5 ], "texture": "#texture" },
        "east":  { "uv": [ 2, 9.5, 6, 13.5 ], "texture": "#texture" }
    }
},
{
    "from": [ 8.5, 9.5, 3.5 ],
    "to": [ 11.5, 10, 12.5 ],
    "faces": {
        "down":  { "uv": [ 0.5, 9.5, 6, 14 ], "texture": "#texture" },
        "up":    { "uv": [ 0.5, 9.5, 6, 14 ], "texture": "#texture" },
        "north": { "uv": [ 1, 12.5, 4, 13 ], "texture": "#texture" },
        "south": { "uv": [ 1, 12.5, 4, 13 ], "texture": "#texture" },
        "west":  { "uv": [ 0, 12.5, 6, 15 ], "texture": "#texture" },
        "east":  { "uv": [ 0, 12.5, 6, 15 ], "texture": "#texture" }
    }
},
{
    "from": [ 8.5, 6.5, 3.5 ],
    "to": [ 11.5, 7, 12.5 ],
    "faces": {
        "down":  { "uv": [ 0.5, 9.5, 6, 14 ], "texture": "#texture" },
        "up":    { "uv": [ 0.5, 9.5, 6, 14 ], "texture": "#texture" },
        "north": { "uv": [ 1, 12.5, 4, 13 ], "texture": "#texture" },
        "south": { "uv": [ 1, 12.5, 4, 13 ], "texture": "#texture" },
        "west":  { "uv": [ 0, 12.5, 6, 15 ], "texture": "#texture" },
        "east":  { "uv": [ 0, 12.5, 6, 15 ], "texture": "#texture" }
    }
},
{
    "from": [ 8.5, 3.5, 3.5 ],
    "to": [ 11.5, 4, 12.5 ],
    "faces": {
        "down":  { "uv": [ 0.5, 9.5, 6, 14 ], "texture": "#texture" },
        "up":    { "uv": [ 0.5, 9.5, 6, 14 ], "texture": "#texture" },
        "north": { "uv": [ 1, 12.5, 4, 13 ], "texture": "#texture" },
        "south": { "uv": [ 1, 12.5, 4, 13 ], "texture": "#texture" },
        "west":  { "uv": [ 0, 12.5, 6, 15 ], "texture": "#texture" },
        "east":  { "uv": [ 0, 12.5, 6, 15 ], "texture": "#texture" }
    }
},
{
    "from": [ 3.5, 3.5, 4.5 ],
    "to": [ 12.5, 4, 7.5 ],
    "faces": {
        "down":  { "uv": [ 0.5, 9.5, 6, 14 ], "texture": "#texture" },
        "up":    { "uv": [ 0.5, 9.5, 6, 14 ], "texture": "#texture" },
        "north": { "uv": [ 1, 12.5, 4, 13 ], "texture": "#texture" },
        "south": { "uv": [ 1, 12.5, 4, 13 ], "texture": "#texture" },
        "west":  { "uv": [ 0, 12.5, 6, 15 ], "texture": "#texture" },
        "east":  { "uv": [ 0, 12.5, 6, 15 ], "texture": "#texture" }
    }
},
{
    "from": [ 3.5, 6.5, 4.5 ],
    "to": [ 12.5, 7, 7.5 ],
    "faces": {
        "down":  { "uv": [ 0.5, 9.5, 6, 14 ], "texture": "#texture" },
        "up":    { "uv": [ 0.5, 9.5, 6, 14 ], "texture": "#texture" },
        "north": { "uv": [ 1, 12.5, 4, 13 ], "texture": "#texture" },
        "south": { "uv": [ 1, 12.5, 4, 13 ], "texture": "#texture" },
        "west":  { "uv": [ 0, 12.5, 6, 15 ], "texture": "#texture" },
        "east":  { "uv": [ 0, 12.5, 6, 15 ], "texture": "#texture" }
    }
},
{
    "from": [ 3.5, 9.5, 4.5 ],
    "to": [ 12.5, 10, 7.5 ],
    "faces": {
        "down":  { "uv": [ 0.5, 9.5, 6, 14 ], "texture": "#texture" },
        "up":    { "uv": [ 0.5, 9.5, 6, 14 ], "texture": "#texture" },
        "north": { "uv": [ 1, 12.5, 4, 13 ], "texture": "#texture" },
        "south": { "uv": [ 1, 12.5, 4, 13 ], "texture": "#texture" },
        "west":  { "uv": [ 0, 12.5, 6, 15 ], "texture": "#texture" },
        "east":  { "uv": [ 0, 12.5, 6, 15 ], "texture": "#texture" }
    }
},
{
    "from": [ 3.5, 3.5, 8.5 ],
    "to": [ 12.5, 4, 11.5 ],
    "faces": {
        "down":  { "uv": [ 0.5, 9.5, 6, 14 ], "texture": "#texture" },
        "up":    { "uv": [ 0.5, 9.5, 6, 14 ], "texture": "#texture" },
        "north": { "uv": [ 1, 12.5, 4, 13 ], "texture": "#texture" },
        "south": { "uv": [ 1, 12.5, 4, 13 ], "texture": "#texture" },
        "west":  { "uv": [ 0, 12.5, 6, 15 ], "texture": "#texture" },
        "east":  { "uv": [ 0, 12.5, 6, 15 ], "texture": "#texture" }
    }
},
{
    "from": [ 3.5, 6.5, 8.5 ],
    "to": [ 12.5, 7, 11.5 ],
    "faces": {
        "down":  { "uv": [ 0.5, 9.5, 6, 14 ], "texture": "#texture" },
        "up":    { "uv": [ 0.5, 9.5, 6, 14 ], "texture": "#texture" },
        "north": { "uv": [ 1, 12.5, 4, 13 ], "texture": "#texture" },
        "south": { "uv": [ 1, 12.5, 4, 13 ], "texture": "#texture" },
        "west":  { "uv": [ 0, 12.5, 6, 15 ], "texture": "#texture" },
        "east":  { "uv": [ 0, 12.5, 6, 15 ], "texture": "#texture" }
    }
},
{
    "from": [ 3.5, 9.5, 8.5 ],
    "to": [ 12.5, 10, 11.5 ],
    "faces": {
        "down":  { "uv": [ 0.5, 9.5, 6, 14 ], "texture": "#texture" },
        "up":    { "uv": [ 0.5, 9.5, 6, 14 ], "texture": "#texture" },
        "north": { "uv": [ 1, 12.5, 4, 13 ], "texture": "#texture" },
        "south": { "uv": [ 1, 12.5, 4, 13 ], "texture": "#texture" },
        "west":  { "uv": [ 0, 12.5, 6, 15 ], "texture": "#texture" },
        "east":  { "uv": [ 0, 12.5, 6, 15 ], "texture": "#texture" }
    }
},
{
    "from": [ 4, 10, 4 ],
    "to": [ 12, 13.5, 12 ],
    "faces": {
        "down":  { "uv": [ 13.5, 5, 10.5, 3 ], "texture": "#texture" },
        "up":    { "uv": [ 10.5, 2, 13.5, 4 ], "texture": "#texture" },
        "north": { "uv": [ 10, 2, 13, 5.5 ], "texture": "#texture" },
        "south": { "uv": [ 11, 1.5, 14, 5 ], "texture": "#texture" },
        "west":  { "uv": [ 9.5, 2, 11.5, 5.5 ], "texture": "#texture" },
        "east":  { "uv": [ 10, 1.5, 12, 5 ], "texture": "#texture" }
    }
},
{
    "from": [ 4.5, 13, 3.5 ],
    "to": [ 7.5, 13.5, 4.5 ],
    "faces": {
        "down":  { "uv": [ 5.5, 3.5, 2.5, 2.5 ], "texture": "#texture" },
        "up":    { "uv": [ 4, 4, 7, 5 ], "texture": "#texture" },
        "north": { "uv": [ 3, 3.5, 6, 4 ], "texture": "#texture" },
        "south": { "uv": [ 2.5, 3.5, 5.5, 4 ], "texture": "#texture" },
        "west":  { "uv": [ 3.5, 3.5, 4.5, 4 ], "texture": "#texture" },
        "east":  { "uv": [ 3.5, 4, 4.5, 4.5 ], "texture": "#texture" }
    }
},
{
    "from": [ 7.5, 1, 11.5 ],
    "to": [ 8.5, 13.5, 12.5 ],
    "faces": {
        "down":  { "uv": [ 4.5, 12.5, 3.5, 11.5 ], "texture": "#texture" },
        "up":    { "uv": [ 3, 11, 4, 12 ], "texture": "#texture" },
        "north": { "uv": [ 2, 9.5, 4.5, 13 ], "texture": "#texture" },
        "south": { "uv": [ 2, 9.5, 4.5, 13 ], "texture": "#texture" },
        "west":  { "uv": [ 2, 9.5, 6, 13.5 ], "texture": "#texture" },
        "east":  { "uv": [ 2, 9.5, 6, 13.5 ], "texture": "#texture" }
    }
},
{
    "from": [ 4.5, 10, 3.5 ],
    "to": [ 7.5, 10.5, 4.5 ],
    "faces": {
        "down":  { "uv": [ 5.5, 3.5, 2.5, 2.5 ], "texture": "#texture" },
        "up":    { "uv": [ 4, 4, 7, 5 ], "texture": "#texture" },
        "north": { "uv": [ 3, 3.5, 6, 4 ], "texture": "#texture" },
        "south": { "uv": [ 2.5, 3.5, 5.5, 4 ], "texture": "#texture" },
        "west":  { "uv": [ 3.5, 3.5, 4.5, 4 ], "texture": "#texture" },
        "east":  { "uv": [ 3.5, 4, 4.5, 4.5 ], "texture": "#texture" }
    }
},
{
    "from": [ 4.5, 10.5, 3.5 ],
    "to": [ 5, 13, 4.5 ],
    "faces": {
        "down":  { "uv": [ 5.5, 3.5, 2.5, 2.5 ], "texture": "#texture" },
        "up":    { "uv": [ 4, 4, 7, 5 ], "texture": "#texture" },
        "north": { "uv": [ 3, 3.5, 6, 4 ], "texture": "#texture" },
        "south": { "uv": [ 2.5, 3.5, 5.5, 4 ], "texture": "#texture" },
        "west":  { "uv": [ 3.5, 3.5, 4.5, 4 ], "texture": "#texture" },
        "east":  { "uv": [ 3.5, 4, 4.5, 4.5 ], "texture": "#texture" }
    }
},
{
    "from": [ 7, 10.5, 3.5 ],
    "to": [ 7.5, 13, 4.5 ],
    "faces": {
        "down":  { "uv": [ 5.5, 3.5, 2.5, 2.5 ], "texture": "#texture" },
        "up":    { "uv": [ 4, 4, 7, 5 ], "texture": "#texture" },
        "north": { "uv": [ 3, 3.5, 6, 4 ], "texture": "#texture" },
        "south": { "uv": [ 2.5, 3.5, 5.5, 4 ], "texture": "#texture" },
        "west":  { "uv": [ 3.5, 3.5, 4.5, 4 ], "texture": "#texture" },
        "east":  { "uv": [ 3.5, 4, 4.5, 4.5 ], "texture": "#texture" }
    }
},
{
    "from": [ 5, 11.5, 3.5 ],
    "to": [ 7, 12, 4.5 ],
    "faces": {
        "down":  { "uv": [ 5.5, 3.5, 2.5, 2.5 ], "texture": "#texture" },
        "up":    { "uv": [ 4, 4, 7, 5 ], "texture": "#texture" },
        "north": { "uv": [ 3, 3.5, 6, 4 ], "texture": "#texture" },
        "south": { "uv": [ 2.5, 3.5, 5.5, 4 ], "texture": "#texture" },
        "west":  { "uv": [ 3.5, 3.5, 4.5, 4 ], "texture": "#texture" },
        "east":  { "uv": [ 3.5, 4, 4.5, 4.5 ], "texture": "#texture" }
    }
},
{
    "from": [ 8.5, 13, 3.5 ],
    "to": [ 11.5, 13.5, 4.5 ],
    "faces": {
        "down":  { "uv": [ 5.5, 3.5, 2.5, 2.5 ], "texture": "#texture" },
        "up":    { "uv": [ 4, 4, 7, 5 ], "texture": "#texture" },
        "north": { "uv": [ 3, 3.5, 6, 4 ], "texture": "#texture" },
        "south": { "uv": [ 2.5, 3.5, 5.5, 4 ], "texture": "#texture" },
        "west":  { "uv": [ 3.5, 3.5, 4.5, 4 ], "texture": "#texture" },
        "east":  { "uv": [ 3.5, 4, 4.5, 4.5 ], "texture": "#texture" }
    }
},
{
    "from": [ 9, 11.5, 3.5 ],
    "to": [ 11, 12, 4.5 ],
    "faces": {
        "down":  { "uv": [ 5.5, 3.5, 2.5, 2.5 ], "texture": "#texture" },
        "up":    { "uv": [ 4, 4, 7, 5 ], "texture": "#texture" },
        "north": { "uv": [ 3, 3.5, 6, 4 ], "texture": "#texture" },
        "south": { "uv": [ 2.5, 3.5, 5.5, 4 ], "texture": "#texture" },
        "west":  { "uv": [ 3.5, 3.5, 4.5, 4 ], "texture": "#texture" },
        "east":  { "uv": [ 3.5, 4, 4.5, 4.5 ], "texture": "#texture" }
    }
},
{
    "from": [ 8.5, 10, 3.5 ],
    "to": [ 11.5, 10.5, 4.5 ],
    "faces": {
        "down":  { "uv": [ 5.5, 3.5, 2.5, 2.5 ], "texture": "#texture" },
        "up":    { "uv": [ 4, 4, 7, 5 ], "texture": "#texture" },
        "north": { "uv": [ 3, 3.5, 6, 4 ], "texture": "#texture" },
        "south": { "uv": [ 2.5, 3.5, 5.5, 4 ], "texture": "#texture" },
        "west":  { "uv": [ 3.5, 3.5, 4.5, 4 ], "texture": "#texture" },
        "east":  { "uv": [ 3.5, 4, 4.5, 4.5 ], "texture": "#texture" }
    }
},
{
    "from": [ 8.5, 10.5, 3.5 ],
    "to": [ 9, 13, 4.5 ],
    "faces": {
        "down":  { "uv": [ 5.5, 3.5, 2.5, 2.5 ], "texture": "#texture" },
        "up":    { "uv": [ 4, 4, 7, 5 ], "texture": "#texture" },
        "north": { "uv": [ 3, 3.5, 6, 4 ], "texture": "#texture" },
        "south": { "uv": [ 2.5, 3.5, 5.5, 4 ], "texture": "#texture" },
        "west":  { "uv": [ 3.5, 3.5, 4.5, 4 ], "texture": "#texture" },
        "east":  { "uv": [ 3.5, 4, 4.5, 4.5 ], "texture": "#texture" }
    }
},
{
    "from": [ 11, 10.5, 3.5 ],
    "to": [ 11.5, 13, 4.5 ],
    "faces": {
        "down":  { "uv": [ 5.5, 3.5, 2.5, 2.5 ], "texture": "#texture" },
        "up":    { "uv": [ 4, 4, 7, 5 ], "texture": "#texture" },
        "north": { "uv": [ 3, 3.5, 6, 4 ], "texture": "#texture" },
        "south": { "uv": [ 2.5, 3.5, 5.5, 4 ], "texture": "#texture" },
        "west":  { "uv": [ 3.5, 3.5, 4.5, 4 ], "texture": "#texture" },
        "east":  { "uv": [ 3.5, 4, 4.5, 4.5 ], "texture": "#texture" }
    }
},
{
    "from": [ 11.5, 10, 8.5 ],
    "to": [ 12.5, 10.5, 11.5 ],
    "faces": {
        "down":  { "uv": [ 5.5, 3.5, 2.5, 2.5 ], "texture": "#texture" },
        "up":    { "uv": [ 4, 4, 7, 5 ], "texture": "#texture" },
        "north": { "uv": [ 3, 3.5, 6, 4 ], "texture": "#texture" },
        "south": { "uv": [ 2.5, 3.5, 5.5, 4 ], "texture": "#texture" },
        "west":  { "uv": [ 3.5, 3.5, 4.5, 4 ], "texture": "#texture" },
        "east":  { "uv": [ 3.5, 4, 4.5, 4.5 ], "texture": "#texture" }
    }
},
{
    "from": [ 11.5, 13, 8.5 ],
    "to": [ 12.5, 13.5, 11.5 ],
    "faces": {
        "down":  { "uv": [ 5.5, 3.5, 2.5, 2.5 ], "texture": "#texture" },
        "up":    { "uv": [ 4, 4, 7, 5 ], "texture": "#texture" },
        "north": { "uv": [ 3, 3.5, 6, 4 ], "texture": "#texture" },
        "south": { "uv": [ 2.5, 3.5, 5.5, 4 ], "texture": "#texture" },
        "west":  { "uv": [ 3.5, 3.5, 4.5, 4 ], "texture": "#texture" },
        "east":  { "uv": [ 3.5, 4, 4.5, 4.5 ], "texture": "#texture" }
    }
},
{
    "from": [ 11.5, 11.5, 9 ],
    "to": [ 12.5, 12, 11 ],
    "faces": {
        "down":  { "uv": [ 5.5, 3.5, 2.5, 2.5 ], "texture": "#texture" },
        "up":    { "uv": [ 4, 4, 7, 5 ], "texture": "#texture" },
        "north": { "uv": [ 3, 3.5, 6, 4 ], "texture": "#texture" },
        "south": { "uv": [ 2.5, 3.5, 5.5, 4 ], "texture": "#texture" },
        "west":  { "uv": [ 3.5, 3.5, 4.5, 4 ], "texture": "#texture" },
        "east":  { "uv": [ 3.5, 4, 4.5, 4.5 ], "texture": "#texture" }
    }
},
{
    "from": [ 11.5, 10.5, 8.5 ],
    "to": [ 12.5, 13, 9 ],
    "faces": {
        "down":  { "uv": [ 5.5, 3.5, 2.5, 2.5 ], "texture": "#texture" },
        "up":    { "uv": [ 4, 4, 7, 5 ], "texture": "#texture" },
        "north": { "uv": [ 3, 3.5, 6, 4 ], "texture": "#texture" },
        "south": { "uv": [ 2.5, 3.5, 5.5, 4 ], "texture": "#texture" },
        "west":  { "uv": [ 3.5, 3.5, 4.5, 4 ], "texture": "#texture" },
        "east":  { "uv": [ 3.5, 4, 4.5, 4.5 ], "texture": "#texture" }
    }
},
{
    "from": [ 11.5, 10.5, 11 ],
    "to": [ 12.5, 13, 11.5 ],
    "faces": {
        "down":  { "uv": [ 5.5, 3.5, 2.5, 2.5 ], "texture": "#texture" },
        "up":    { "uv": [ 4, 4, 7, 5 ], "texture": "#texture" },
        "north": { "uv": [ 3, 3.5, 6, 4 ], "texture": "#texture" },
        "south": { "uv": [ 2.5, 3.5, 5.5, 4 ], "texture": "#texture" },
        "west":  { "uv": [ 3.5, 3.5, 4.5, 4 ], "texture": "#texture" },
        "east":  { "uv": [ 3.5, 4, 4.5, 4.5 ], "texture": "#texture" }
    }
},
{
    "from": [ 3.5, 1, 3.5 ],
    "to": [ 4.5, 13.5, 4.5 ],
    "faces": {
        "down":  { "uv": [ 4.5, 12.5, 3.5, 11.5 ], "texture": "#texture" },
        "up":    { "uv": [ 3, 11, 4, 12 ], "texture": "#texture" },
        "north": { "uv": [ 2, 9.5, 4.5, 13 ], "texture": "#texture" },
        "south": { "uv": [ 2, 9.5, 4.5, 13 ], "texture": "#texture" },
        "west":  { "uv": [ 2, 9.5, 6, 13.5 ], "texture": "#texture" },
        "east":  { "uv": [ 2, 9.5, 6, 13.5 ], "texture": "#texture" }
    }
},
{
    "from": [ 3.5, 13, 4.5 ],
    "to": [ 4.5, 13.5, 7.5 ],
    "faces": {
        "down":  { "uv": [ 5.5, 3.5, 2.5, 2.5 ], "texture": "#texture" },
        "up":    { "uv": [ 4, 4, 7, 5 ], "texture": "#texture" },
        "north": { "uv": [ 3, 3.5, 6, 4 ], "texture": "#texture" },
        "south": { "uv": [ 2.5, 3.5, 5.5, 4 ], "texture": "#texture" },
        "west":  { "uv": [ 3.5, 3.5, 4.5, 4 ], "texture": "#texture" },
        "east":  { "uv": [ 3.5, 4, 4.5, 4.5 ], "texture": "#texture" }
    }
},
{
    "from": [ 3.5, 10, 4.5 ],
    "to": [ 4.5, 10.5, 7.5 ],
    "faces": {
        "down":  { "uv": [ 5.5, 3.5, 2.5, 2.5 ], "texture": "#texture" },
        "up":    { "uv": [ 4, 4, 7, 5 ], "texture": "#texture" },
        "north": { "uv": [ 3, 3.5, 6, 4 ], "texture": "#texture" },
        "south": { "uv": [ 2.5, 3.5, 5.5, 4 ], "texture": "#texture" },
        "west":  { "uv": [ 3.5, 3.5, 4.5, 4 ], "texture": "#texture" },
        "east":  { "uv": [ 3.5, 4, 4.5, 4.5 ], "texture": "#texture" }
    }
},
{
    "from": [ 3.5, 11.5, 5 ],
    "to": [ 4.5, 12, 7 ],
    "faces": {
        "down":  { "uv": [ 5.5, 3.5, 2.5, 2.5 ], "texture": "#texture" },
        "up":    { "uv": [ 4, 4, 7, 5 ], "texture": "#texture" },
        "north": { "uv": [ 3, 3.5, 6, 4 ], "texture": "#texture" },
        "south": { "uv": [ 2.5, 3.5, 5.5, 4 ], "texture": "#texture" },
        "west":  { "uv": [ 3.5, 3.5, 4.5, 4 ], "texture": "#texture" },
        "east":  { "uv": [ 3.5, 4, 4.5, 4.5 ], "texture": "#texture" }
    }
},
{
    "from": [ 3.5, 10.5, 4.5 ],
    "to": [ 4.5, 13, 5 ],
    "faces": {
        "down":  { "uv": [ 5.5, 3.5, 2.5, 2.5 ], "texture": "#texture" },
        "up":    { "uv": [ 4, 4, 7, 5 ], "texture": "#texture" },
        "north": { "uv": [ 3, 3.5, 6, 4 ], "texture": "#texture" },
        "south": { "uv": [ 2.5, 3.5, 5.5, 4 ], "texture": "#texture" },
        "west":  { "uv": [ 3.5, 3.5, 4.5, 4 ], "texture": "#texture" },
        "east":  { "uv": [ 3.5, 4, 4.5, 4.5 ], "texture": "#texture" }
    }
},
{
    "from": [ 3.5, 10.5, 7 ],
    "to": [ 4.5, 13, 7.5 ],
    "faces": {
        "down":  { "uv": [ 5.5, 3.5, 2.5, 2.5 ], "texture": "#texture" },
        "up":    { "uv": [ 4, 4, 7, 5 ], "texture": "#texture" },
        "north": { "uv": [ 3, 3.5, 6, 4 ], "texture": "#texture" },
        "south": { "uv": [ 2.5, 3.5, 5.5, 4 ], "texture": "#texture" },
        "west":  { "uv": [ 3.5, 3.5, 4.5, 4 ], "texture": "#texture" },
        "east":  { "uv": [ 3.5, 4, 4.5, 4.5 ], "texture": "#texture" }
    }
},
{
    "from": [ 3.5, 1, 7.5 ],
    "to": [ 4.5, 13.5, 8.5 ],
    "faces": {
        "down":  { "uv": [ 4.5, 12.5, 3.5, 11.5 ], "texture": "#texture" },
        "up":    { "uv": [ 3, 11, 4, 12 ], "texture": "#texture" },
        "north": { "uv": [ 2, 9.5, 4.5, 13 ], "texture": "#texture" },
        "south": { "uv": [ 2, 9.5, 4.5, 13 ], "texture": "#texture" },
        "west":  { "uv": [ 2, 9.5, 6, 13.5 ], "texture": "#texture" },
        "east":  { "uv": [ 2, 9.5, 6, 13.5 ], "texture": "#texture" }
    }
},
{
    "from": [ 11.5, 13, 4.5 ],
    "to": [ 12.5, 13.5, 7.5 ],
    "faces": {
        "down":  { "uv": [ 5.5, 3.5, 2.5, 2.5 ], "texture": "#texture" },
        "up":    { "uv": [ 4, 4, 7, 5 ], "texture": "#texture" },
        "north": { "uv": [ 3, 3.5, 6, 4 ], "texture": "#texture" },
        "south": { "uv": [ 2.5, 3.5, 5.5, 4 ], "texture": "#texture" },
        "west":  { "uv": [ 3.5, 3.5, 4.5, 4 ], "texture": "#texture" },
        "east":  { "uv": [ 3.5, 4, 4.5, 4.5 ], "texture": "#texture" }
    }
},
{
    "from": [ 11.5, 10.5, 7 ],
    "to": [ 12.5, 13, 7.5 ],
    "faces": {
        "down":  { "uv": [ 5.5, 3.5, 2.5, 2.5 ], "texture": "#texture" },
        "up":    { "uv": [ 4, 4, 7, 5 ], "texture": "#texture" },
        "north": { "uv": [ 3, 3.5, 6, 4 ], "texture": "#texture" },
        "south": { "uv": [ 2.5, 3.5, 5.5, 4 ], "texture": "#texture" },
        "west":  { "uv": [ 3.5, 3.5, 4.5, 4 ], "texture": "#texture" },
        "east":  { "uv": [ 3.5, 4, 4.5, 4.5 ], "texture": "#texture" }
    }
},
{
    "from": [ 11.5, 10.5, 4.5 ],
    "to": [ 12.5, 13, 5 ],
    "faces": {
        "down":  { "uv": [ 5.5, 3.5, 2.5, 2.5 ], "texture": "#texture" },
        "up":    { "uv": [ 4, 4, 7, 5 ], "texture": "#texture" },
        "north": { "uv": [ 3, 3.5, 6, 4 ], "texture": "#texture" },
        "south": { "uv": [ 2.5, 3.5, 5.5, 4 ], "texture": "#texture" },
        "west":  { "uv": [ 3.5, 3.5, 4.5, 4 ], "texture": "#texture" },
        "east":  { "uv": [ 3.5, 4, 4.5, 4.5 ], "texture": "#texture" }
    }
},
{
    "from": [ 11.5, 10, 4.5 ],
    "to": [ 12.5, 10.5, 7.5 ],
    "faces": {
        "down":  { "uv": [ 5.5, 3.5, 2.5, 2.5 ], "texture": "#texture" },
        "up":    { "uv": [ 4, 4, 7, 5 ], "texture": "#texture" },
        "north": { "uv": [ 3, 3.5, 6, 4 ], "texture": "#texture" },
        "south": { "uv": [ 2.5, 3.5, 5.5, 4 ], "texture": "#texture" },
        "west":  { "uv": [ 3.5, 3.5, 4.5, 4 ], "texture": "#texture" },
        "east":  { "uv": [ 3.5, 4, 4.5, 4.5 ], "texture": "#texture" }
    }
},
{
    "from": [ 11.5, 11.5, 5 ],
    "to": [ 12.5, 12, 7 ],
    "faces": {
        "down":  { "uv": [ 5.5, 3.5, 2.5, 2.5 ], "texture": "#texture" },
        "up":    { "uv": [ 4, 4, 7, 5 ], "texture": "#texture" },
        "north": { "uv": [ 3, 3.5, 6, 4 ], "texture": "#texture" },
        "south": { "uv": [ 2.5, 3.5, 5.5, 4 ], "texture": "#texture" },
        "west":  { "uv": [ 3.5, 3.5, 4.5, 4 ], "texture": "#texture" },
        "east":  { "uv": [ 3.5, 4, 4.5, 4.5 ], "texture": "#texture" }
    }
},
{
    "from": [ 8.5, 13, 11.5 ],
    "to": [ 11.5, 13.5, 12.5 ],
    "faces": {
        "down":  { "uv": [ 5.5, 3.5, 2.5, 2.5 ], "texture": "#texture" },
        "up":    { "uv": [ 4, 4, 7, 5 ], "texture": "#texture" },
        "north": { "uv": [ 3, 3.5, 6, 4 ], "texture": "#texture" },
        "south": { "uv": [ 2.5, 3.5, 5.5, 4 ], "texture": "#texture" },
        "west":  { "uv": [ 3.5, 3.5, 4.5, 4 ], "texture": "#texture" },
        "east":  { "uv": [ 3.5, 4, 4.5, 4.5 ], "texture": "#texture" }
    }
},
{
    "from": [ 8.5, 10, 11.5 ],
    "to": [ 11.5, 10.5, 12.5 ],
    "faces": {
        "down":  { "uv": [ 5.5, 3.5, 2.5, 2.5 ], "texture": "#texture" },
        "up":    { "uv": [ 4, 4, 7, 5 ], "texture": "#texture" },
        "north": { "uv": [ 3, 3.5, 6, 4 ], "texture": "#texture" },
        "south": { "uv": [ 2.5, 3.5, 5.5, 4 ], "texture": "#texture" },
        "west":  { "uv": [ 3.5, 3.5, 4.5, 4 ], "texture": "#texture" },
        "east":  { "uv": [ 3.5, 4, 4.5, 4.5 ], "texture": "#texture" }
    }
},
{
    "from": [ 9, 11.5, 11.5 ],
    "to": [ 11, 12, 12.5 ],
    "faces": {
        "down":  { "uv": [ 5.5, 3.5, 2.5, 2.5 ], "texture": "#texture" },
        "up":    { "uv": [ 4, 4, 7, 5 ], "texture": "#texture" },
        "north": { "uv": [ 3, 3.5, 6, 4 ], "texture": "#texture" },
        "south": { "uv": [ 2.5, 3.5, 5.5, 4 ], "texture": "#texture" },
        "west":  { "uv": [ 3.5, 3.5, 4.5, 4 ], "texture": "#texture" },
        "east":  { "uv": [ 3.5, 4, 4.5, 4.5 ], "texture": "#texture" }
    }
},
{
    "from": [ 8.5, 10.5, 11.5 ],
    "to": [ 9, 13, 12.5 ],
    "faces": {
        "down":  { "uv": [ 5.5, 3.5, 2.5, 2.5 ], "texture": "#texture" },
        "up":    { "uv": [ 4, 4, 7, 5 ], "texture": "#texture" },
        "north": { "uv": [ 3, 3.5, 6, 4 ], "texture": "#texture" },
        "south": { "uv": [ 2.5, 3.5, 5.5, 4 ], "texture": "#texture" },
        "west":  { "uv": [ 3.5, 3.5, 4.5, 4 ], "texture": "#texture" },
        "east":  { "uv": [ 3.5, 4, 4.5, 4.5 ], "texture": "#texture" }
    }
},
{
    "from": [ 11, 10.5, 11.5 ],
    "to": [ 11.5, 13, 12.5 ],
    "faces": {
        "down":  { "uv": [ 5.5, 3.5, 2.5, 2.5 ], "texture": "#texture" },
        "up":    { "uv": [ 4, 4, 7, 5 ], "texture": "#texture" },
        "north": { "uv": [ 3, 3.5, 6, 4 ], "texture": "#texture" },
        "south": { "uv": [ 2.5, 3.5, 5.5, 4 ], "texture": "#texture" },
        "west":  { "uv": [ 3.5, 3.5, 4.5, 4 ], "texture": "#texture" },
        "east":  { "uv": [ 3.5, 4, 4.5, 4.5 ], "texture": "#texture" }
    }
},
{
    "from": [ 4.5, 13, 11.5 ],
    "to": [ 7.5, 13.5, 12.5 ],
    "faces": {
        "down":  { "uv": [ 5.5, 3.5, 2.5, 2.5 ], "texture": "#texture" },
        "up":    { "uv": [ 4, 4, 7, 5 ], "texture": "#texture" },
        "north": { "uv": [ 3, 3.5, 6, 4 ], "texture": "#texture" },
        "south": { "uv": [ 2.5, 3.5, 5.5, 4 ], "texture": "#texture" },
        "west":  { "uv": [ 3.5, 3.5, 4.5, 4 ], "texture": "#texture" },
        "east":  { "uv": [ 3.5, 4, 4.5, 4.5 ], "texture": "#texture" }
    }
},
{
    "from": [ 4.5, 10.5, 11.5 ],
    "to": [ 5, 13, 12.5 ],
    "faces": {
        "down":  { "uv": [ 5.5, 3.5, 2.5, 2.5 ], "texture": "#texture" },
        "up":    { "uv": [ 4, 4, 7, 5 ], "texture": "#texture" },
        "north": { "uv": [ 3, 3.5, 6, 4 ], "texture": "#texture" },
        "south": { "uv": [ 2.5, 3.5, 5.5, 4 ], "texture": "#texture" },
        "west":  { "uv": [ 3.5, 3.5, 4.5, 4 ], "texture": "#texture" },
        "east":  { "uv": [ 3.5, 4, 4.5, 4.5 ], "texture": "#texture" }
    }
},
{
    "from": [ 4.5, 10, 11.5 ],
    "to": [ 7.5, 10.5, 12.5 ],
    "faces": {
        "down":  { "uv": [ 5.5, 3.5, 2.5, 2.5 ], "texture": "#texture" },
        "up":    { "uv": [ 4, 4, 7, 5 ], "texture": "#texture" },
        "north": { "uv": [ 3, 3.5, 6, 4 ], "texture": "#texture" },
        "south": { "uv": [ 2.5, 3.5, 5.5, 4 ], "texture": "#texture" },
        "west":  { "uv": [ 3.5, 3.5, 4.5, 4 ], "texture": "#texture" },
        "east":  { "uv": [ 3.5, 4, 4.5, 4.5 ], "texture": "#texture" }
    }
},
{
    "from": [ 7, 10.5, 11.5 ],
    "to": [ 7.5, 13, 12.5 ],
    "faces": {
        "down":  { "uv": [ 5.5, 3.5, 2.5, 2.5 ], "texture": "#texture" },
        "up":    { "uv": [ 4, 4, 7, 5 ], "texture": "#texture" },
        "north": { "uv": [ 3, 3.5, 6, 4 ], "texture": "#texture" },
        "south": { "uv": [ 2.5, 3.5, 5.5, 4 ], "texture": "#texture" },
        "west":  { "uv": [ 3.5, 3.5, 4.5, 4 ], "texture": "#texture" },
        "east":  { "uv": [ 3.5, 4, 4.5, 4.5 ], "texture": "#texture" }
    }
},
{
    "from": [ 5, 11.5, 11.5 ],
    "to": [ 7, 12, 12.5 ],
    "faces": {
        "down":  { "uv": [ 5.5, 3.5, 2.5, 2.5 ], "texture": "#texture" },
        "up":    { "uv": [ 4, 4, 7, 5 ], "texture": "#texture" },
        "north": { "uv": [ 3, 3.5, 6, 4 ], "texture": "#texture" },
        "south": { "uv": [ 2.5, 3.5, 5.5, 4 ], "texture": "#texture" },
        "west":  { "uv": [ 3.5, 3.5, 4.5, 4 ], "texture": "#texture" },
        "east":  { "uv": [ 3.5, 4, 4.5, 4.5 ], "texture": "#texture" }
    }
},
{
    "from": [ 3.5, 13, 8.5 ],
    "to": [ 4.5, 13.5, 11.5 ],
    "faces": {
        "down":  { "uv": [ 5.5, 3.5, 2.5, 2.5 ], "texture": "#texture" },
        "up":    { "uv": [ 4, 4, 7, 5 ], "texture": "#texture" },
        "north": { "uv": [ 3, 3.5, 6, 4 ], "texture": "#texture" },
        "south": { "uv": [ 2.5, 3.5, 5.5, 4 ], "texture": "#texture" },
        "west":  { "uv": [ 3.5, 3.5, 4.5, 4 ], "texture": "#texture" },
        "east":  { "uv": [ 3.5, 4, 4.5, 4.5 ], "texture": "#texture" }
    }
},
{
    "from": [ 3.5, 11.5, 9 ],
    "to": [ 4.5, 12, 11 ],
    "faces": {
        "down":  { "uv": [ 5.5, 3.5, 2.5, 2.5 ], "texture": "#texture" },
        "up":    { "uv": [ 4, 4, 7, 5 ], "texture": "#texture" },
        "north": { "uv": [ 3, 3.5, 6, 4 ], "texture": "#texture" },
        "south": { "uv": [ 2.5, 3.5, 5.5, 4 ], "texture": "#texture" },
        "west":  { "uv": [ 3.5, 3.5, 4.5, 4 ], "texture": "#texture" },
        "east":  { "uv": [ 3.5, 4, 4.5, 4.5 ], "texture": "#texture" }
    }
},
{
    "from": [ 3.5, 10, 8.5 ],
    "to": [ 4.5, 10.5, 11.5 ],
    "faces": {
        "down":  { "uv": [ 5.5, 3.5, 2.5, 2.5 ], "texture": "#texture" },
        "up":    { "uv": [ 4, 4, 7, 5 ], "texture": "#texture" },
        "north": { "uv": [ 3, 3.5, 6, 4 ], "texture": "#texture" },
        "south": { "uv": [ 2.5, 3.5, 5.5, 4 ], "texture": "#texture" },
        "west":  { "uv": [ 3.5, 3.5, 4.5, 4 ], "texture": "#texture" },
        "east":  { "uv": [ 3.5, 4, 4.5, 4.5 ], "texture": "#texture" }
    }
},
{
    "from": [ 3.5, 10.5, 8.5 ],
    "to": [ 4.5, 13, 9 ],
    "faces": {
        "down":  { "uv": [ 5.5, 3.5, 2.5, 2.5 ], "texture": "#texture" },
        "up":    { "uv": [ 4, 4, 7, 5 ], "texture": "#texture" },
        "north": { "uv": [ 3, 3.5, 6, 4 ], "texture": "#texture" },
        "south": { "uv": [ 2.5, 3.5, 5.5, 4 ], "texture": "#texture" },
        "west":  { "uv": [ 3.5, 3.5, 4.5, 4 ], "texture": "#texture" },
        "east":  { "uv": [ 3.5, 4, 4.5, 4.5 ], "texture": "#texture" }
    }
},
{
    "from": [ 3.5, 10.5, 11 ],
    "to": [ 4.5, 13, 11.5 ],
    "faces": {
        "down":  { "uv": [ 5.5, 3.5, 2.5, 2.5 ], "texture": "#texture" },
        "up":    { "uv": [ 4, 4, 7, 5 ], "texture": "#texture" },
        "north": { "uv": [ 3, 3.5, 6, 4 ], "texture": "#texture" },
        "south": { "uv": [ 2.5, 3.5, 5.5, 4 ], "texture": "#texture" },
        "west":  { "uv": [ 3.5, 3.5, 4.5, 4 ], "texture": "#texture" },
        "east":  { "uv": [ 3.5, 4, 4.5, 4.5 ], "texture": "#texture" }
    }
},
{
    "from": [ 11.5, 1, 7.5 ],
    "to": [ 12.5, 13.5, 8.5 ],
    "faces": {
        "down":  { "uv": [ 4.5, 12.5, 3.5, 11.5 ], "texture": "#texture" },
        "up":    { "uv": [ 3, 11, 4, 12 ], "texture": "#texture" },
        "north": { "uv": [ 2, 9.5, 4.5, 13 ], "texture": "#texture" },
        "south": { "uv": [ 2, 9.5, 4.5, 13 ], "texture": "#texture" },
        "west":  { "uv": [ 2, 9.5, 6, 13.5 ], "texture": "#texture" },
        "east":  { "uv": [ 2, 9.5, 6, 13.5 ], "texture": "#texture" }
    }
},
{
    "from": [ 11.5, 1, 3.5 ],
    "to": [ 12.5, 13.5, 4.5 ],
    "faces": {
        "down":  { "uv": [ 4.5, 12.5, 3.5, 11.5 ], "texture": "#texture" },
        "up":    { "uv": [ 3, 11, 4, 12 ], "texture": "#texture" },
        "north": { "uv": [ 2, 9.5, 4.5, 13 ], "texture": "#texture" },
        "south": { "uv": [ 2, 9.5, 4.5, 13 ], "texture": "#texture" },
        "west":  { "uv": [ 2, 9.5, 6, 13.5 ], "texture": "#texture" },
        "east":  { "uv": [ 2, 9.5, 6, 13.5 ], "texture": "#texture" }
    }
},
{
    "from": [ 7.5, 1, 3.5 ],
    "to": [ 8.5, 13.5, 4.5 ],
    "faces": {
        "down":  { "uv": [ 4.5, 12.5, 3.5, 11.5 ], "texture": "#texture" },
        "up":    { "uv": [ 3, 11, 4, 12 ], "texture": "#texture" },
        "north": { "uv": [ 2, 9.5, 4.5, 13 ], "texture": "#texture" },
        "south": { "uv": [ 2, 9.5, 4.5, 13 ], "texture": "#texture" },
        "west":  { "uv": [ 2, 9.5, 6, 13.5 ], "texture": "#texture" },
        "east":  { "uv": [ 2, 9.5, 6, 13.5 ], "texture": "#texture" }
    }
},
{
    "from": [ 3.5, 13.5, 3 ],
    "to": [ 12.5, 14.5, 13 ],
    "faces": {
        "down":  { "uv": [ 9.5, 0.5, 15, 7 ], "texture": "#texture" },
        "up":    { "uv": [ 9.5, 0.5, 15, 7 ], "texture": "#texture" },
        "north": { "uv": [ 9, 1.5, 13.5, 5 ], "texture": "#texture" },
        "south": { "uv": [ 9, 1.5, 13.5, 5 ], "texture": "#texture" },
        "west":  { "uv": [ 9.5, 1, 14.5, 6 ], "texture": "#texture" },
        "east":  { "uv": [ 9.5, 1, 14.5, 6 ], "texture": "#texture" }
    }
},
{
    "from": [ 12.5, 13.5, 3.5 ],
    "to": [ 13, 14.5, 12.5 ],
    "faces": {
        "down":  { "uv": [ 9.5, 0.5, 15, 7 ], "texture": "#texture" },
        "up":    { "uv": [ 9.5, 0.5, 15, 7 ], "texture": "#texture" },
        "north": { "uv": [ 9, 1.5, 13.5, 5 ], "texture": "#texture" },
        "south": { "uv": [ 9, 1.5, 13.5, 5 ], "texture": "#texture" },
        "west":  { "uv": [ 9.5, 1, 14.5, 6 ], "texture": "#texture" },
        "east":  { "uv": [ 9.5, 1, 14.5, 6 ], "texture": "#texture" }
    }
},
{
    "from": [ 3, 13.5, 3.5 ],
    "to": [ 3.5, 14.5, 12.5 ],
    "faces": {
        "down":  { "uv": [ 9.5, 0.5, 15, 7 ], "texture": "#texture" },
        "up":    { "uv": [ 9.5, 0.5, 15, 7 ], "texture": "#texture" },
        "north": { "uv": [ 9, 1.5, 13.5, 5 ], "texture": "#texture" },
        "south": { "uv": [ 9, 1.5, 13.5, 5 ], "texture": "#texture" },
        "west":  { "uv": [ 9.5, 1, 14.5, 6 ], "texture": "#texture" },
        "east":  { "uv": [ 9.5, 1, 14.5, 6 ], "texture": "#texture" }
    }
},
{
    "from": [ 3.5, 14.5, 3.5 ],
    "to": [ 12.5, 15, 12.5 ],
    "faces": {
        "down":  { "uv": [ 1, 10.5, 6, 14.5 ], "texture": "#texture" },
        "up":    { "uv": [ 1, 10.5, 6, 14.5 ], "texture": "#texture" },
        "north": { "uv": [ 2, 10.5, 6, 14.5 ], "texture": "#texture" },
        "south": { "uv": [ 2, 10.5, 6, 14.5 ], "texture": "#texture" },
        "west":  { "uv": [ 3, 8.5, 6.5, 13.5 ], "texture": "#texture" },
        "east":  { "uv": [ 3, 8.5, 6.5, 13.5 ], "texture": "#texture" }
    }
},
{
    "from": [ 4, 15, 4 ],
    "to": [ 12, 15.5, 12 ],
    "faces": {
        "down":  { "uv": [ 1, 10.5, 6, 14.5 ], "texture": "#texture" },
        "up":    { "uv": [ 1, 10.5, 6, 14.5 ], "texture": "#texture" },
        "north": { "uv": [ 2, 10.5, 6, 14.5 ], "texture": "#texture" },
        "south": { "uv": [ 2, 10.5, 6, 14.5 ], "texture": "#texture" },
        "west":  { "uv": [ 3, 8.5, 6.5, 13.5 ], "texture": "#texture" },
        "east":  { "uv": [ 3, 8.5, 6.5, 13.5 ], "texture": "#texture" }
    }
},
{
    "from": [ 7.5, 15.5, 7.5 ],
    "to": [ 8.5, 17, 8.5 ],
    "faces": {
        "down":  { "uv": [ 4.5, 4, 5.5, 5 ], "texture": "#texture" },
        "up":    { "uv": [ 4.5, 4, 5.5, 5 ], "texture": "#texture" },
        "north": { "uv": [ 4.5, 3, 5.5, 3.5 ], "texture": "#texture" },
        "south": { "uv": [ 4.5, 3, 5.5, 3.5 ], "texture": "#texture" },
        "west":  { "uv": [ 3.5, 4, 4.5, 4.5 ], "texture": "#texture" },
        "east":  { "uv": [ 3.5, 4, 4.5, 4.5 ], "texture": "#texture" }
    }
},
{
    "from": [ 7, 15.5, 7 ],
    "to": [ 7.5, 17, 7.5 ],
    "faces": {
        "down":  { "uv": [ 5.5, 10.5, 6, 11 ], "texture": "#texture" },
        "up":    { "uv": [ 5.5, 10.5, 6, 11 ], "texture": "#texture" },
        "north": { "uv": [ 5, 11.5, 5.5, 12 ], "texture": "#texture" },
        "south": { "uv": [ 5, 11.5, 5.5, 12 ], "texture": "#texture" },
        "west":  { "uv": [ 4, 11, 4.5, 11.5 ], "texture": "#texture" },
        "east":  { "uv": [ 4, 11, 4.5, 11.5 ], "texture": "#texture" }
    }
},
{
    "from": [ 8.5, 15.5, 7 ],
    "to": [ 9, 17, 7.5 ],
    "faces": {
        "down":  { "uv": [ 5.5, 10.5, 6, 11 ], "texture": "#texture" },
        "up":    { "uv": [ 5.5, 10.5, 6, 11 ], "texture": "#texture" },
        "north": { "uv": [ 5, 11.5, 5.5, 12 ], "texture": "#texture" },
        "south": { "uv": [ 5, 11.5, 5.5, 12 ], "texture": "#texture" },
        "west":  { "uv": [ 4, 11, 4.5, 11.5 ], "texture": "#texture" },
        "east":  { "uv": [ 4, 11, 4.5, 11.5 ], "texture": "#texture" }
    }
},
{
    "from": [ 8.5, 15.5, 8.5 ],
    "to": [ 9, 17, 9 ],
    "faces": {
        "down":  { "uv": [ 5.5, 10.5, 6, 11 ], "texture": "#texture" },
        "up":    { "uv": [ 5.5, 10.5, 6, 11 ], "texture": "#texture" },
        "north": { "uv": [ 5, 11.5, 5.5, 12 ], "texture": "#texture" },
        "south": { "uv": [ 5, 11.5, 5.5, 12 ], "texture": "#texture" },
        "west":  { "uv": [ 4, 11, 4.5, 11.5 ], "texture": "#texture" },
        "east":  { "uv": [ 4, 11, 4.5, 11.5 ], "texture": "#texture" }
    }
},
{
    "from": [ 7, 15.5, 8.5 ],
    "to": [ 7.5, 17, 9 ],
    "faces": {
        "down":  { "uv": [ 5.5, 10.5, 6, 11 ], "texture": "#texture" },
        "up":    { "uv": [ 5.5, 10.5, 6, 11 ], "texture": "#texture" },
        "north": { "uv": [ 5, 11.5, 5.5, 12 ], "texture": "#texture" },
        "south": { "uv": [ 5, 11.5, 5.5, 12 ], "texture": "#texture" },
        "west":  { "uv": [ 4, 11, 4.5, 11.5 ], "texture": "#texture" },
        "east":  { "uv": [ 4, 11, 4.5, 11.5 ], "texture": "#texture" }
    }
},
{
    "from": [ 7, 17, 7 ],
    "to": [ 9, 17.5, 9 ],
    "faces": {
        "down":  { "uv": [ 4.5, 11, 5, 11.5 ], "texture": "#texture" },
        "up":    { "uv": [ 4.5, 11, 5, 11.5 ], "texture": "#texture" },
        "north": { "uv": [ 4, 12, 4.5, 12.5 ], "texture": "#texture" },
        "south": { "uv": [ 4, 12, 4.5, 12.5 ], "texture": "#texture" },
        "west":  { "uv": [ 3.5, 12, 4, 12.5 ], "texture": "#texture" },
        "east":  { "uv": [ 3.5, 12, 4, 12.5 ], "texture": "#texture" }
    }
},
{
    "from": [ 5.0625, 7.25, 11.125 ],
    "to": [ 7, 9.25, 12.125 ],
    "faces": {
        "down":  { "uv": [ 4.5, 5, 3.5, 4 ], "texture": "#texture" },
        "up":    { "uv": [ 2, 5, 3, 6 ], "texture": "#texture" },
        "north": { "uv": [ 3.5, 4, 4.5, 5 ], "texture": "#texture" },
        "south": { "uv": [ 3.5, 3.5, 4.5, 4.5 ], "texture": "#texture" },
        "west":  { "uv": [ 3.5, 3, 4.5, 4 ], "texture": "#texture" },
        "east":  { "uv": [ 3.5, 3.5, 4.5, 4.5 ], "texture": "#texture" }
    }
},
{
    "from": [ 5.375, 8.6875, 11.6875 ],
    "to": [ 6.6875, 8.9375, 12.1875 ],
    "faces": {
        "down":  { "uv": [ 13, 5, 12, 4 ], "texture": "#texture" },
        "up":    { "uv": [ 10.5, 4, 11.5, 5 ], "texture": "#texture" },
        "north": { "uv": [ 11.5, 6, 12.5, 7 ], "texture": "#texture" },
        "south": { "uv": [ 10.5, 3, 11.5, 4 ], "texture": "#texture" },
        "west":  { "uv": [ 12, 6.5, 13, 7.5 ], "texture": "#texture" },
        "east":  { "uv": [ 11, 4, 12, 5 ], "texture": "#texture" }
    }
},
{
    "from": [ 5.375, 8.25, 11.6875 ],
    "to": [ 6.6875, 8.5, 12.1875 ],
    "faces": {
        "down":  { "uv": [ 13, 5, 12, 4 ], "texture": "#texture" },
        "up":    { "uv": [ 10.5, 4, 11.5, 5 ], "texture": "#texture" },
        "north": { "uv": [ 11.5, 6, 12.5, 7 ], "texture": "#texture" },
        "south": { "uv": [ 10.5, 3, 11.5, 4 ], "texture": "#texture" },
        "west":  { "uv": [ 12, 6.5, 13, 7.5 ], "texture": "#texture" },
        "east":  { "uv": [ 11, 4, 12, 5 ], "texture": "#texture" }
    }
},
{
    "from": [ 5.375, 7.8125, 11.6875 ],
    "to": [ 6.6875, 8.0625, 12.1875 ],
    "faces": {
        "down":  { "uv": [ 13, 5, 12, 4 ], "texture": "#texture" },
        "up":    { "uv": [ 10.5, 4, 11.5, 5 ], "texture": "#texture" },
        "north": { "uv": [ 11.5, 6, 12.5, 7 ], "texture": "#texture" },
        "south": { "uv": [ 10.5, 3, 11.5, 4 ], "texture": "#texture" },
        "west":  { "uv": [ 12, 6.5, 13, 7.5 ], "texture": "#texture" },
        "east":  { "uv": [ 11, 4, 12, 5 ], "texture": "#texture" }
    }
},
{
    "from": [ 7.875, 6.5, 11.5625 ],
    "to": [ 8.375, 8, 12.5625 ],
    "faces": {
        "down":  { "uv": [ 2, 4, 2.5, 5 ], "texture": "#texture" },
        "up":    { "uv": [ 2, 4, 2.5, 5 ], "texture": "#texture" },
        "north": { "uv": [ 4, 5, 4.5, 6 ], "texture": "#texture" },
        "south": { "uv": [ 4, 5, 4.5, 6 ], "texture": "#texture" },
        "west":  { "uv": [ 3, 3, 4, 4 ], "texture": "#texture" },
        "east":  { "uv": [ 3, 3, 4, 4 ], "texture": "#texture" }
    }
}
],
"display": {
    "thirdperson_righthand": {
            "rotation": [ 80, 45, 0 ],
            "translation": [ 0, 3, 0 ],
            "scale": [ 0.35, 0.35, 0.35 ]
        },
        "thirdperson_lefthand": {
            "rotation": [ 80, 45, 0 ],
            "translation": [ 0, 3, 0 ],
            "scale": [ 0.35, 0.35, 0.35 ]
        },
    "head": {
        "rotation": [ 0, 0, 0 ],
        "translation": [ 0, -12.09, 0 ],
        "scale": [ 4, 4, 4 ]
    },
    "ground": {
        "rotation": [ 0, 0, 0 ],
        "translation": [ 0, 4.54, 0 ],
        "scale": [ 1, 1, 1 ]
    },
    "fixed": {
        "rotation": [ 0, 0, 0 ],
        "translation": [ 0, 0, 0 ],
        "scale": [ 1, 1, 1 ]
    },
    "firstperson_righthand": {
        "rotation": [ 0, 0, 0 ],
        "translation": [ 0, 0, 0 ],
        "scale": [ 1, 1, 1 ]
    },
    "firstperson_lefthand": {
        "rotation": [ 0, 0, 0 ],
        "translation": [ 0, 0, 0 ],
        "scale": [ 1, 1, 1 ]
    },
    "gui": {
        "rotation": [ 0, 0, 0 ],
        "translation": [ 0, -0.38, 0 ],
        "scale": [ 0.8, 0.8, 0.8 ]
    }
}
}