{
"__comment": "Designed by Deadxtogo with BDcraft Cubik PRO 0.96 Beta - http://bdcraft.net",
"textures": {
    "texture": "blocks/gold_block"
},
"elements": [ 
{
    "from": [ 6, 7.5, 5 ],
    "to": [ 10, 8, 11 ],
    "faces": {
        "down":  { "uv": [ 5.5, 5, 10.5, 11 ], "texture": "#texture" },
        "up":    { "uv": [ 5.5, 5, 10.5, 11 ], "texture": "#texture" },
        "north": { "uv": [ 5.5, 8, 10.5, 9 ], "texture": "#texture" },
        "south": { "uv": [ 5.5, 8, 10.5, 9 ], "texture": "#texture" },
        "west":  { "uv": [ 5, 8, 11, 9 ], "texture": "#texture" },
        "east":  { "uv": [ 5, 8, 11, 9 ], "texture": "#texture" }
    }
},
{
    "from": [ 5, 7.5, 6 ],
    "to": [ 6, 8, 10 ],
    "faces": {
        "down":  { "uv": [ 4.5, 6, 5.5, 10 ], "texture": "#texture" },
        "up":    { "uv": [ 4.5, 6, 5.5, 10 ], "texture": "#texture" },
        "north": { "uv": [ 4.5, 8, 5.5, 9 ], "texture": "#texture" },
        "south": { "uv": [ 4.5, 8, 5.5, 9 ], "texture": "#texture" },
        "west":  { "uv": [ 6, 8, 10, 9 ], "texture": "#texture" },
        "east":  { "uv": [ 6, 8, 10, 9 ], "texture": "#texture" }
    }
},
{
    "from": [ 10, 7.5, 6 ],
    "to": [ 11, 8, 10 ],
    "faces": {
        "down":  { "uv": [ 6, 10, 5, 6 ], "texture": "#texture" },
        "up":    { "uv": [ 10, 6, 11, 10 ], "texture": "#texture" },
        "north": { "uv": [ 5, 8, 6, 8.5 ], "texture": "#texture" },
        "south": { "uv": [ 10, 8, 11, 8.5 ], "texture": "#texture" },
        "west":  { "uv": [ 6, 8, 10, 8.5 ], "texture": "#texture" },
        "east":  { "uv": [ 6, 8, 10, 8.5 ], "texture": "#texture" }
    }
},
{
    "from": [ 8.5, 8, 5.5 ],
    "to": [ 9, 8.5, 8 ],
    "rotation": { "origin": [ 8.5, 8, 5.5 ], "axis": "y", "angle": -22.5 },
    "faces": {
        "down":  { "uv": [ 8.5, 5.5, 9, 8 ], "texture": "#texture" },
        "up":    { "uv": [ 8.5, 5.5, 9, 8 ], "texture": "#texture" },
        "north": { "uv": [ 8.5, 7.5, 9, 8 ], "texture": "#texture" },
        "south": { "uv": [ 8.5, 7.5, 9, 8 ], "texture": "#texture" },
        "west":  { "uv": [ 5.5, 7.5, 8, 8 ], "texture": "#texture" },
        "east":  { "uv": [ 5.5, 7.5, 8, 8 ], "texture": "#texture" }
    }
},
{
    "from": [ 7.5, 8, 8 ],
    "to": [ 8, 8.5, 9.5 ],
    "rotation": { "origin": [ 7.5, 8, 8 ], "axis": "y", "angle": 22.5 },
    "faces": {
        "down":  { "uv": [ 7.5, 8, 8, 9.5 ], "texture": "#texture" },
        "up":    { "uv": [ 7.5, 8, 8, 9.5 ], "texture": "#texture" },
        "north": { "uv": [ 7.5, 7.5, 8, 8 ], "texture": "#texture" },
        "south": { "uv": [ 7.5, 7.5, 8, 8 ], "texture": "#texture" },
        "west":  { "uv": [ 8, 7.5, 9.5, 8 ], "texture": "#texture" },
        "east":  { "uv": [ 8, 7.5, 9.5, 8 ], "texture": "#texture" }
    }
},
{
    "from": [ 5, 7.5, 5.5 ],
    "to": [ 6, 9, 6 ],
    "faces": {
        "down":  { "uv": [ 5, 5.5, 6, 6 ], "texture": "#texture" },
        "up":    { "uv": [ 5, 5.5, 6, 6 ], "texture": "#texture" },
        "north": { "uv": [ 5, 7, 6, 8.5 ], "texture": "#texture" },
        "south": { "uv": [ 5, 7, 6, 8.5 ], "texture": "#texture" },
        "west":  { "uv": [ 5.5, 7, 6, 8.5 ], "texture": "#texture" },
        "east":  { "uv": [ 5.5, 7, 6, 8.5 ], "texture": "#texture" }
    }
},
{
    "from": [ 4.5, 7.5, 6 ],
    "to": [ 5, 9, 10 ],
    "faces": {
        "down":  { "uv": [ 4.5, 6, 5, 10 ], "texture": "#texture" },
        "up":    { "uv": [ 4.5, 6, 5, 10 ], "texture": "#texture" },
        "north": { "uv": [ 4.5, 7, 5, 8.5 ], "texture": "#texture" },
        "south": { "uv": [ 4.5, 7, 5, 8.5 ], "texture": "#texture" },
        "west":  { "uv": [ 6, 7, 10, 8.5 ], "texture": "#texture" },
        "east":  { "uv": [ 6, 7, 10, 8.5 ], "texture": "#texture" }
    }
},
{
    "from": [ 5, 7.5, 10 ],
    "to": [ 6, 9, 10.5 ],
    "faces": {
        "down":  { "uv": [ 5, 10, 6, 10.5 ], "texture": "#texture" },
        "up":    { "uv": [ 5, 10, 6, 10.5 ], "texture": "#texture" },
        "north": { "uv": [ 5, 7, 6, 8.5 ], "texture": "#texture" },
        "south": { "uv": [ 5, 7, 6, 8.5 ], "texture": "#texture" },
        "west":  { "uv": [ 10, 7, 10.5, 8.5 ], "texture": "#texture" },
        "east":  { "uv": [ 10, 7, 10.5, 8.5 ], "texture": "#texture" }
    }
},
{
    "from": [ 5.5, 7.5, 10.5 ],
    "to": [ 6, 9, 11 ],
    "faces": {
        "down":  { "uv": [ 5.5, 10.5, 6, 11 ], "texture": "#texture" },
        "up":    { "uv": [ 5.5, 10.5, 6, 11 ], "texture": "#texture" },
        "north": { "uv": [ 5.5, 7, 6, 8.5 ], "texture": "#texture" },
        "south": { "uv": [ 5.5, 7, 6, 8.5 ], "texture": "#texture" },
        "west":  { "uv": [ 10.5, 7, 11, 8.5 ], "texture": "#texture" },
        "east":  { "uv": [ 10.5, 7, 11, 8.5 ], "texture": "#texture" }
    }
},
{
    "from": [ 6, 7.5, 11 ],
    "to": [ 10, 9, 11.5 ],
    "faces": {
        "down":  { "uv": [ 6, 11, 10, 11.5 ], "texture": "#texture" },
        "up":    { "uv": [ 6, 11, 10, 11.5 ], "texture": "#texture" },
        "north": { "uv": [ 6, 7, 10, 8.5 ], "texture": "#texture" },
        "south": { "uv": [ 6, 7, 10, 8.5 ], "texture": "#texture" },
        "west":  { "uv": [ 11, 7, 11.5, 8.5 ], "texture": "#texture" },
        "east":  { "uv": [ 11, 7, 11.5, 8.5 ], "texture": "#texture" }
    }
},
{
    "from": [ 10, 7.5, 10 ],
    "to": [ 10.5, 9, 11 ],
    "faces": {
        "down":  { "uv": [ 10, 10, 10.5, 11 ], "texture": "#texture" },
        "up":    { "uv": [ 10, 10, 10.5, 11 ], "texture": "#texture" },
        "north": { "uv": [ 10, 7, 10.5, 8.5 ], "texture": "#texture" },
        "south": { "uv": [ 10, 7, 10.5, 8.5 ], "texture": "#texture" },
        "west":  { "uv": [ 10, 7, 11, 8.5 ], "texture": "#texture" },
        "east":  { "uv": [ 10, 7, 11, 8.5 ], "texture": "#texture" }
    }
},
{
    "from": [ 10.5, 7.5, 10 ],
    "to": [ 11, 9, 10.5 ],
    "faces": {
        "down":  { "uv": [ 10.5, 10, 11, 10.5 ], "texture": "#texture" },
        "up":    { "uv": [ 10.5, 10, 11, 10.5 ], "texture": "#texture" },
        "north": { "uv": [ 10.5, 7, 11, 8.5 ], "texture": "#texture" },
        "south": { "uv": [ 10.5, 7, 11, 8.5 ], "texture": "#texture" },
        "west":  { "uv": [ 10, 7, 10.5, 8.5 ], "texture": "#texture" },
        "east":  { "uv": [ 10, 7, 10.5, 8.5 ], "texture": "#texture" }
    }
},
{
    "from": [ 11, 7.5, 6 ],
    "to": [ 11.5, 9, 10 ],
    "faces": {
        "down":  { "uv": [ 11, 6, 11.5, 10 ], "texture": "#texture" },
        "up":    { "uv": [ 11, 6, 11.5, 10 ], "texture": "#texture" },
        "north": { "uv": [ 11, 7, 11.5, 8.5 ], "texture": "#texture" },
        "south": { "uv": [ 11, 7, 11.5, 8.5 ], "texture": "#texture" },
        "west":  { "uv": [ 6, 7, 10, 8.5 ], "texture": "#texture" },
        "east":  { "uv": [ 6, 7, 10, 8.5 ], "texture": "#texture" }
    }
},
{
    "from": [ 10, 7.5, 5.5 ],
    "to": [ 11, 9, 6 ],
    "faces": {
        "down":  { "uv": [ 10, 5.5, 11, 6 ], "texture": "#texture" },
        "up":    { "uv": [ 10, 5.5, 11, 6 ], "texture": "#texture" },
        "north": { "uv": [ 10, 7, 11, 8.5 ], "texture": "#texture" },
        "south": { "uv": [ 10, 7, 11, 8.5 ], "texture": "#texture" },
        "west":  { "uv": [ 5.5, 7, 6, 8.5 ], "texture": "#texture" },
        "east":  { "uv": [ 5.5, 7, 6, 8.5 ], "texture": "#texture" }
    }
},
{
    "from": [ 10, 7.5, 5 ],
    "to": [ 10.5, 9, 5.5 ],
    "faces": {
        "down":  { "uv": [ 10, 5, 10.5, 5.5 ], "texture": "#texture" },
        "up":    { "uv": [ 10, 5, 10.5, 5.5 ], "texture": "#texture" },
        "north": { "uv": [ 10, 7, 10.5, 8.5 ], "texture": "#texture" },
        "south": { "uv": [ 10, 7, 10.5, 8.5 ], "texture": "#texture" },
        "west":  { "uv": [ 5, 7, 5.5, 8.5 ], "texture": "#texture" },
        "east":  { "uv": [ 5, 7, 5.5, 8.5 ], "texture": "#texture" }
    }
},
{
    "from": [ 6, 7.5, 4.5 ],
    "to": [ 10, 9, 5 ],
    "faces": {
        "down":  { "uv": [ 6, 4.5, 10, 5 ], "texture": "#texture" },
        "up":    { "uv": [ 6, 4.5, 10, 5 ], "texture": "#texture" },
        "north": { "uv": [ 6, 7, 10, 8.5 ], "texture": "#texture" },
        "south": { "uv": [ 6, 7, 10, 8.5 ], "texture": "#texture" },
        "west":  { "uv": [ 4.5, 7, 5, 8.5 ], "texture": "#texture" },
        "east":  { "uv": [ 4.5, 7, 5, 8.5 ], "texture": "#texture" }
    }
},
{
    "from": [ 5.5, 7.5, 5 ],
    "to": [ 6, 9, 5.5 ],
    "faces": {
        "down":  { "uv": [ 5.5, 5, 6, 5.5 ], "texture": "#texture" },
        "up":    { "uv": [ 5.5, 5, 6, 5.5 ], "texture": "#texture" },
        "north": { "uv": [ 5.5, 7, 6, 8.5 ], "texture": "#texture" },
        "south": { "uv": [ 5.5, 7, 6, 8.5 ], "texture": "#texture" },
        "west":  { "uv": [ 5, 7, 5.5, 8.5 ], "texture": "#texture" },
        "east":  { "uv": [ 5, 7, 5.5, 8.5 ], "texture": "#texture" }
    }
},
{
    "from": [ 5.5, 9, 5.5 ],
    "to": [ 6, 9.5, 10.5 ],
    "faces": {
        "down":  { "uv": [ 5.5, 5.5, 6, 10.5 ], "texture": "#texture" },
        "up":    { "uv": [ 5.5, 5.5, 6, 10.5 ], "texture": "#texture" },
        "north": { "uv": [ 5.5, 6.5, 6, 7 ], "texture": "#texture" },
        "south": { "uv": [ 5.5, 6.5, 6, 7 ], "texture": "#texture" },
        "west":  { "uv": [ 5.5, 6.5, 10.5, 7 ], "texture": "#texture" },
        "east":  { "uv": [ 5.5, 6.5, 10.5, 7 ], "texture": "#texture" }
    }
},
{
    "from": [ 10, 9, 5.5 ],
    "to": [ 10.5, 9.5, 10.5 ],
    "faces": {
        "down":  { "uv": [ 10, 5.5, 10.5, 10.5 ], "texture": "#texture" },
        "up":    { "uv": [ 10, 5.5, 10.5, 10.5 ], "texture": "#texture" },
        "north": { "uv": [ 10, 6.5, 10.5, 7 ], "texture": "#texture" },
        "south": { "uv": [ 10, 6.5, 10.5, 7 ], "texture": "#texture" },
        "west":  { "uv": [ 5.5, 6.5, 10.5, 7 ], "texture": "#texture" },
        "east":  { "uv": [ 5.5, 6.5, 10.5, 7 ], "texture": "#texture" }
    }
},
{
    "from": [ 7, 9, 4.5 ],
    "to": [ 7.5, 9.5, 11.5 ],
    "faces": {
        "down":  { "uv": [ 7, 4.5, 7.5, 11.5 ], "texture": "#texture" },
        "up":    { "uv": [ 7, 4.5, 7.5, 11.5 ], "texture": "#texture" },
        "north": { "uv": [ 7, 6.5, 7.5, 7 ], "texture": "#texture" },
        "south": { "uv": [ 7, 6.5, 7.5, 7 ], "texture": "#texture" },
        "west":  { "uv": [ 4.5, 6.5, 11.5, 7 ], "texture": "#texture" },
        "east":  { "uv": [ 4.5, 6.5, 11.5, 7 ], "texture": "#texture" }
    }
},
{
    "from": [ 8.5, 9, 4.5 ],
    "to": [ 9, 9.5, 11.5 ],
    "faces": {
        "down":  { "uv": [ 8.5, 4.5, 9, 11.5 ], "texture": "#texture" },
        "up":    { "uv": [ 8.5, 4.5, 9, 11.5 ], "texture": "#texture" },
        "north": { "uv": [ 8.5, 6.5, 9, 7 ], "texture": "#texture" },
        "south": { "uv": [ 8.5, 6.5, 9, 7 ], "texture": "#texture" },
        "west":  { "uv": [ 4.5, 6.5, 11.5, 7 ], "texture": "#texture" },
        "east":  { "uv": [ 4.5, 6.5, 11.5, 7 ], "texture": "#texture" }
    }
},
{
    "from": [ 6, 7, 6 ],
    "to": [ 10, 7.5, 10 ],
    "faces": {
        "down":  { "uv": [ 6, 6, 10, 10 ], "texture": "#texture" },
        "up":    { "uv": [ 6, 6, 10, 10 ], "texture": "#texture" },
        "north": { "uv": [ 6, 8.5, 10, 9 ], "texture": "#texture" },
        "south": { "uv": [ 6, 8.5, 10, 9 ], "texture": "#texture" },
        "west":  { "uv": [ 6, 8.5, 10, 9 ], "texture": "#texture" },
        "east":  { "uv": [ 6, 8.5, 10, 9 ], "texture": "#texture" }
    }
},
{
    "from": [ 5, 7, 5 ],
    "to": [ 5.5, 7.5, 5.5 ],
    "faces": {
        "down":  { "uv": [ 5, 5, 5.5, 5.5 ], "texture": "#texture" },
        "up":    { "uv": [ 5, 5, 5.5, 5.5 ], "texture": "#texture" },
        "north": { "uv": [ 5, 8.5, 5.5, 9 ], "texture": "#texture" },
        "south": { "uv": [ 5, 8.5, 5.5, 9 ], "texture": "#texture" },
        "west":  { "uv": [ 5, 8.5, 5.5, 9 ], "texture": "#texture" },
        "east":  { "uv": [ 5, 8.5, 5.5, 9 ], "texture": "#texture" }
    }
},
{
    "from": [ 4.5, 6.5, 4.5 ],
    "to": [ 5, 7, 5 ],
    "faces": {
        "down":  { "uv": [ 4.5, 4.5, 5, 5 ], "texture": "#texture" },
        "up":    { "uv": [ 4.5, 4.5, 5, 5 ], "texture": "#texture" },
        "north": { "uv": [ 4.5, 9, 5, 9.5 ], "texture": "#texture" },
        "south": { "uv": [ 4.5, 9, 5, 9.5 ], "texture": "#texture" },
        "west":  { "uv": [ 4.5, 9, 5, 9.5 ], "texture": "#texture" },
        "east":  { "uv": [ 4.5, 9, 5, 9.5 ], "texture": "#texture" }
    }
},
{
    "from": [ 5, 6, 4 ],
    "to": [ 5.5, 6.5, 4.5 ],
    "faces": {
        "down":  { "uv": [ 5, 4, 5.5, 4.5 ], "texture": "#texture" },
        "up":    { "uv": [ 5, 4, 5.5, 4.5 ], "texture": "#texture" },
        "north": { "uv": [ 5, 9.5, 5.5, 10 ], "texture": "#texture" },
        "south": { "uv": [ 5, 9.5, 5.5, 10 ], "texture": "#texture" },
        "west":  { "uv": [ 4, 9.5, 4.5, 10 ], "texture": "#texture" },
        "east":  { "uv": [ 4, 9.5, 4.5, 10 ], "texture": "#texture" }
    }
},
{
    "from": [ 5.5, 5.5, 4 ],
    "to": [ 6, 6, 4.5 ],
    "faces": {
        "down":  { "uv": [ 5.5, 4, 6, 4.5 ], "texture": "#texture" },
        "up":    { "uv": [ 5.5, 4, 6, 4.5 ], "texture": "#texture" },
        "north": { "uv": [ 5.5, 10, 6, 10.5 ], "texture": "#texture" },
        "south": { "uv": [ 5.5, 10, 6, 10.5 ], "texture": "#texture" },
        "west":  { "uv": [ 4, 10, 4.5, 10.5 ], "texture": "#texture" },
        "east":  { "uv": [ 4, 10, 4.5, 10.5 ], "texture": "#texture" }
    }
},
{
    "from": [ 6, 5.5, 4.5 ],
    "to": [ 6.5, 6, 5 ],
    "faces": {
        "down":  { "uv": [ 6, 4.5, 6.5, 5 ], "texture": "#texture" },
        "up":    { "uv": [ 6, 4.5, 6.5, 5 ], "texture": "#texture" },
        "north": { "uv": [ 6, 10, 6.5, 10.5 ], "texture": "#texture" },
        "south": { "uv": [ 6, 10, 6.5, 10.5 ], "texture": "#texture" },
        "west":  { "uv": [ 4.5, 10, 5, 10.5 ], "texture": "#texture" },
        "east":  { "uv": [ 4.5, 10, 5, 10.5 ], "texture": "#texture" }
    }
},
{
    "from": [ 6, 6, 5 ],
    "to": [ 6.5, 6.5, 5.5 ],
    "faces": {
        "down":  { "uv": [ 6, 5, 6.5, 5.5 ], "texture": "#texture" },
        "up":    { "uv": [ 6, 5, 6.5, 5.5 ], "texture": "#texture" },
        "north": { "uv": [ 6, 9.5, 6.5, 10 ], "texture": "#texture" },
        "south": { "uv": [ 6, 9.5, 6.5, 10 ], "texture": "#texture" },
        "west":  { "uv": [ 5, 9.5, 5.5, 10 ], "texture": "#texture" },
        "east":  { "uv": [ 5, 9.5, 5.5, 10 ], "texture": "#texture" }
    }
},
{
    "from": [ 6.5, 6.5, 5.5 ],
    "to": [ 7, 7, 6 ],
    "faces": {
        "down":  { "uv": [ 6.5, 5.5, 7, 6 ], "texture": "#texture" },
        "up":    { "uv": [ 6.5, 5.5, 7, 6 ], "texture": "#texture" },
        "north": { "uv": [ 6.5, 9, 7, 9.5 ], "texture": "#texture" },
        "south": { "uv": [ 6.5, 9, 7, 9.5 ], "texture": "#texture" },
        "west":  { "uv": [ 5.5, 9, 6, 9.5 ], "texture": "#texture" },
        "east":  { "uv": [ 5.5, 9, 6, 9.5 ], "texture": "#texture" }
    }
}
],
"display": {
    "thirdperson_righthand": {
        "rotation": [ 0, 0, 0 ],
        "translation": [ 0, 0, 0 ],
        "scale": [ 0.4, 0.4, 0.4 ]
    },
    "thirdperson_lefthand": {
        "rotation": [ 0, 0, 0 ],
        "translation": [ 0, 0, 0 ],
        "scale": [ 0.4, 0.4, 0.4 ]
    },
    "head": {
        "rotation": [ 0, 0, 0 ],
        "translation": [ 0, 6.61, 0 ],
        "scale": [ 1, 1, 1 ]
    },
    "ground": {
        "rotation": [ 0, 0, 0 ],
        "translation": [ 0, -0.76, 0 ],
        "scale": [ 0.4, 0.4, 0.4 ]
    },
    "fixed": {
        "rotation": [ -90, 0, 180 ],
        "translation": [ 0, 0, -0.3 ],
        "scale": [ 2, 2, 2 ]
    },
    "firstperson_righthand": {
        "rotation": [ 7, 33, 26 ],
        "translation": [ 1.51, 1.13, 0 ],
        "scale": [ 1, 1, 1 ]
    },
    "firstperson_lefthand": {
        "rotation": [ 7, 33, 26 ],
        "translation": [ 1.51, 1.13, 0 ],
        "scale": [ 1, 1, 1 ]
    },
    "gui": {
        "rotation": [ 25, 45, 0 ],
        "translation": [ 1, 0, 0 ],
        "scale": [ 1.7, 1.7, 1.7 ]
    }
}
}