{
    "__comment": "Model generated using MrCrayfish's Model Creator (http://mrcrayfish.com/modelcreator/)",
    "textures": {
        "0": "blocks/planks_oak",
        "1": "blocks/wool_colored_cyan"
    },
    "elements": [
        {
            "name": "right_arm_top",
            "from": [ 0.0, 10.0, 0.0 ], 
            "to": [ 2.0, 12.0, 16.0 ], 
            "faces": {
                "north": { "texture": "#0", "uv": [ 0.0, 0.0, 2.0, 2.0 ] },
                "east": { "texture": "#0", "uv": [ 0.0, 0.0, 16.0, 2.0 ] },
                "south": { "texture": "#0", "uv": [ 0.0, 0.0, 2.0, 2.0 ] },
                "west": { "texture": "#0", "uv": [ 0.0, 0.0, 16.0, 2.0 ] },
                "up": { "texture": "#0", "uv": [ 0.0, 0.0, 2.0, 16.0 ] },
                "down": { "texture": "#0", "uv": [ 0.0, 0.0, 2.0, 16.0 ] }
            }
        },
        {
            "name": "right_arm_bottom",
            "from": [ 0.0, 0.0, 0.0 ], 
            "to": [ 2.0, 2.0, 16.0 ], 
            "faces": {
                "north": { "texture": "#0", "uv": [ 0.0, 0.0, 2.0, 2.0 ] },
                "east": { "texture": "#0", "uv": [ 0.0, 0.0, 16.0, 2.0 ] },
                "south": { "texture": "#0", "uv": [ 0.0, 0.0, 2.0, 2.0 ] },
                "west": { "texture": "#0", "uv": [ 0.0, 0.0, 16.0, 2.0 ] },
                "up": { "texture": "#0", "uv": [ 0.0, 0.0, 2.0, 16.0 ] },
                "down": { "texture": "#0", "uv": [ 0.0, 0.0, 2.0, 16.0 ] }
            }
        },
        {
            "name": "left_arm_top",
            "from": [ 14.0, 10.0, 0.0 ], 
            "to": [ 16.0, 12.0, 16.0 ], 
            "faces": {
                "north": { "texture": "#0", "uv": [ 0.0, 0.0, 2.0, 2.0 ] },
                "east": { "texture": "#0", "uv": [ 0.0, 0.0, 16.0, 2.0 ] },
                "south": { "texture": "#0", "uv": [ 0.0, 0.0, 2.0, 2.0 ] },
                "west": { "texture": "#0", "uv": [ 0.0, 0.0, 16.0, 2.0 ] },
                "up": { "texture": "#0", "uv": [ 0.0, 0.0, 2.0, 16.0 ] },
                "down": { "texture": "#0", "uv": [ 0.0, 0.0, 2.0, 16.0 ] }
            }
        },
        {
            "name": "right_arm_front",
            "from": [ 0.0, 2.0, 14.0 ], 
            "to": [ 2.0, 10.0, 16.0 ], 
            "faces": {
                "north": { "texture": "#0", "uv": [ 0.0, 0.0, 2.0, 8.0 ] },
                "east": { "texture": "#0", "uv": [ 0.0, 0.0, 2.0, 8.0 ] },
                "south": { "texture": "#0", "uv": [ 0.0, 0.0, 2.0, 8.0 ] },
                "west": { "texture": "#0", "uv": [ 0.0, 0.0, 2.0, 8.0 ] },
                "up": { "texture": "#0", "uv": [ 0.0, 0.0, 2.0, 2.0 ] },
                "down": { "texture": "#0", "uv": [ 0.0, 0.0, 2.0, 2.0 ] }
            }
        },
        {
            "name": "right_arm_back",
            "from": [ 0.0, 2.0, 0.0 ], 
            "to": [ 2.0, 10.0, 2.0 ], 
            "faces": {
                "north": { "texture": "#0", "uv": [ 0.0, 0.0, 2.0, 8.0 ] },
                "east": { "texture": "#0", "uv": [ 0.0, 0.0, 2.0, 8.0 ] },
                "south": { "texture": "#0", "uv": [ 0.0, 0.0, 2.0, 8.0 ] },
                "west": { "texture": "#0", "uv": [ 0.0, 0.0, 2.0, 8.0 ] },
                "up": { "texture": "#0", "uv": [ 0.0, 0.0, 2.0, 2.0 ] },
                "down": { "texture": "#0", "uv": [ 0.0, 0.0, 2.0, 2.0 ] }
            }
        },
        {
            "name": "left_arm_back",
            "from": [ 14.0, 2.0, 0.0 ], 
            "to": [ 16.0, 10.0, 2.0 ], 
            "faces": {
                "north": { "texture": "#0", "uv": [ 0.0, 0.0, 2.0, 8.0 ] },
                "east": { "texture": "#0", "uv": [ 0.0, 0.0, 2.0, 8.0 ] },
                "south": { "texture": "#0", "uv": [ 0.0, 0.0, 2.0, 8.0 ] },
                "west": { "texture": "#0", "uv": [ 0.0, 0.0, 2.0, 8.0 ] },
                "up": { "texture": "#0", "uv": [ 0.0, 0.0, 2.0, 2.0 ] },
                "down": { "texture": "#0", "uv": [ 0.0, 0.0, 2.0, 2.0 ] }
            }
        },
        {
            "name": "left_arm_front",
            "from": [ 14.0, 2.0, 14.0 ], 
            "to": [ 16.0, 10.0, 16.0 ], 
            "faces": {
                "north": { "texture": "#0", "uv": [ 0.0, 0.0, 2.0, 8.0 ] },
                "east": { "texture": "#0", "uv": [ 0.0, 0.0, 2.0, 8.0 ] },
                "south": { "texture": "#0", "uv": [ 0.0, 0.0, 2.0, 8.0 ] },
                "west": { "texture": "#0", "uv": [ 0.0, 0.0, 2.0, 8.0 ] },
                "up": { "texture": "#0", "uv": [ 0.0, 0.0, 2.0, 2.0 ] },
                "down": { "texture": "#0", "uv": [ 0.0, 0.0, 2.0, 2.0 ] }
            }
        },
        {
            "name": "chair_base",
            "from": [ 2.0, 0.0, 0.0 ], 
            "to": [ 14.0, 7.0, 16.0 ], 
            "faces": {
                "north": { "texture": "#1", "uv": [ 0.0, 0.0, 12.0, 7.0 ] },
                "east": { "texture": "#1", "uv": [ 0.0, 0.0, 16.0, 7.0 ] },
                "south": { "texture": "#1", "uv": [ 0.0, 0.0, 12.0, 7.0 ] },
                "west": { "texture": "#1", "uv": [ 0.0, 0.0, 16.0, 7.0 ] },
                "up": { "texture": "#1", "uv": [ 0.0, 0.0, 12.0, 16.0 ] },
                "down": { "texture": "#1", "uv": [ 0.0, 0.0, 12.0, 16.0 ] }
            }
        },
        {
            "name": "chair_backrest",
            "from": [ 2.0, 7.0, 0.0 ], 
            "to": [ 14.0, 16.0, 5.0 ], 
            "faces": {
                "north": { "texture": "#1", "uv": [ 0.0, 0.0, 12.0, 9.0 ] },
                "east": { "texture": "#1", "uv": [ 0.0, 0.0, 5.0, 9.0 ] },
                "south": { "texture": "#1", "uv": [ 0.0, 0.0, 12.0, 9.0 ] },
                "west": { "texture": "#1", "uv": [ 0.0, 0.0, 5.0, 9.0 ] },
                "up": { "texture": "#1", "uv": [ 0.0, 0.0, 12.0, 5.0 ] },
                "down": { "texture": "#1", "uv": [ 0.0, 0.0, 12.0, 5.0 ] }
            }
        },
        {
            "name": "left_arm_bottom",
            "from": [ 14.0, 0.0, 0.0 ], 
            "to": [ 16.0, 2.0, 16.0 ], 
            "faces": {
                "north": { "texture": "#0", "uv": [ 0.0, 0.0, 2.0, 2.0 ] },
                "east": { "texture": "#0", "uv": [ 0.0, 0.0, 16.0, 2.0 ] },
                "south": { "texture": "#0", "uv": [ 0.0, 0.0, 2.0, 2.0 ] },
                "west": { "texture": "#0", "uv": [ 0.0, 0.0, 16.0, 2.0 ] },
                "up": { "texture": "#0", "uv": [ 0.0, 0.0, 2.0, 16.0 ] },
                "down": { "texture": "#0", "uv": [ 0.0, 0.0, 2.0, 16.0 ] }
            }
        }
    ],
    "display": {
        "thirdperson_righthand": {
            "rotation": [ 80, 45, 0 ],
            "translation": [ 0, 3, 0 ],
            "scale": [ 0.35, 0.35, 0.35 ]
        },
        "thirdperson_lefthand": {
            "rotation": [ 80, 45, 0 ],
            "translation": [ 0, 3, 0 ],
            "scale": [ 0.35, 0.35, 0.35 ]
        },
        "head": {
            "rotation": [ 0, 0, 0 ],
            "translation": [ 0, 0, 0 ],
            "scale": [ 0.5, 0.5, 0.5 ]
        },
        "ground": {
            "rotation": [ 0, 0, 0 ],
            "translation": [ 0, 2, 0 ],
            "scale": [ 0.25, 0.25, 0.25 ]
        },
        "fixed": {
            "rotation": [ 0, 180, 0 ],
            "translation": [ 0, 0, -13 ],
            "scale": [ 2.2, 2, 2 ]
        },
        "firstperson_righthand": {
            "rotation": [ 0, 0, 0 ],
            "translation": [ 0, 0, 0 ],
            "scale": [ 0.5, 0.5, 0.5 ]
        },
        "firstperson_lefthand": {
            "rotation": [ 0, 0, 0 ],
            "translation": [ 0, 0, 0 ],
            "scale": [ 0.5, 0.5, 0.5 ]
        },
        "gui": {
            "rotation": [ 25, 45, 0 ],
            "translation": [ 0, 0, 0 ],
            "scale": [ 0.58, 0.58, 0.58 ]
        }
    }
}