{
    "parent": "item/handheld",
    "textures": {
        "layer0": "items/guitar"
    },
	"display": {
        "ground": {
            "rotation": [ 0, 0, 0 ],
            "translation": [ 0, 2, 0],
            "scale":[ 1,1, 1 ]
        },
        "head": {
            "rotation": [ 0, 180, 0 ],
            "translation": [ 0, 13, 7],
            "scale":[ 1, 1, 1]
        },
        "thirdperson_righthand": {
            "rotation": [ 75, 180, -15 ],
            "translation": [ -5, 0, 0 ],
            "scale": [ 2, 2, 2 ]
        },
        "firstperson_righthand": {
            "rotation": [ 0, 180, 0 ],
            "translation": [ -10, -1, -5],
            "scale": [ 3, 2, 2 ]
        }
    }
}
