{
    "__comment": "Model generated using MrCrayfish's Model Creator (http://mrcrayfish.com/modelcreator/)",
    "textures": {
        "0": "items/hats/deadmauface",
        "1": "items/hats/deadmauback"
    },
    "elements": [
        {
            "name": "Cube",
            "from": [ 0.0, 0.0, 0.0 ], 
            "to": [ 16.0, 16.0, 16.0 ], 
            "faces": {
                "north": { "texture": "#0", "uv": [ 0.0, 0.0, 16.0, 16.0 ] },
                "east": { "texture": "#1", "uv": [ 0.0, 0.0, 16.0, 16.0 ] },
                "south": { "texture": "#1", "uv": [ 0.0, 0.0, 16.0, 16.0 ] },
                "west": { "texture": "#1", "uv": [ 0.0, 0.0, 16.0, 16.0 ] },
                "up": { "texture": "#1", "uv": [ 0.0, 0.0, 15.0, 12.0 ] },
                "down": { "texture": "#1", "uv": [ 0.0, 0.0, 16.0, 16.0 ] }
            }
        },
        {
            "name": "Cube",
            "from": [ -8.0, 12.0, 7.0 ], 
            "to": [ 4.0, 24.0, 8.0 ], 
            "faces": {
                "north": { "texture": "#1", "uv": [ 0.0, 0.0, 12.0, 12.0 ] },
                "east": { "texture": "#1", "uv": [ 0.0, 0.0, 1.0, 12.0 ] },
                "south": { "texture": "#1", "uv": [ 0.0, 0.0, 12.0, 12.0 ] },
                "west": { "texture": "#1", "uv": [ 0.0, 0.0, 1.0, 12.0 ] },
                "up": { "texture": "#1", "uv": [ 0.0, 0.0, 12.0, 1.0 ] },
                "down": { "texture": "#1", "uv": [ 0.0, 0.0, 12.0, 1.0 ] }
            }
        },
        {
            "name": "Cube",
            "from": [ 12.0, 12.0, 7.0 ], 
            "to": [ 24.0, 24.0, 8.0 ], 
            "faces": {
                "north": { "texture": "#1", "uv": [ 0.0, 0.0, 12.0, 12.0 ] },
                "east": { "texture": "#1", "uv": [ 0.0, 0.0, 1.0, 12.0 ] },
                "south": { "texture": "#1", "uv": [ 0.0, 0.0, 12.0, 12.0 ] },
                "west": { "texture": "#1", "uv": [ 0.0, 0.0, 1.0, 12.0 ] },
                "up": { "texture": "#1", "uv": [ 0.0, 0.0, 12.0, 1.0 ] },
                "down": { "texture": "#1", "uv": [ 0.0, 0.0, 12.0, 1.0 ] }
            }
        }
    ],
	"display": {
        "gui": {
            "rotation": [ 30, 225, 0 ],
            "translation": [ 0, -1, 0 ],
            "scale": [ 0.5, 0.5, 0.5 ]
        },
        "fixed": {
            "rotation": [ 0, 180, 0 ],
            "translation": [ 0, 0, 0],
            "scale":[ 1, 1, 1 ]
        },
        "ground": {
            "rotation": [ 0, 0, 0 ],
            "translation": [ 0, 3, 0 ],
            "scale": [ 0.3, 0.3, 0.3 ]
        },
        "thirdperson_righthand": {
            "rotation": [ 45, 45, 0 ],
            "translation": [ 0, 3, 0 ],
            "scale": [ 0.3, 0.3, 0.3 ]
        },
        "firstperson_righthand": {
            "rotation": [ 0, 0, 0 ],
            "translation": [ 0, -1, 0 ],
            "scale": [ 0.3, 0.3, 0.3 ]
        },
        "firstperson_lefthand": {
            "rotation": [ 0, 0, 0 ],
            "translation": [ 0, -1, 0 ],
            "scale": [ 0.3, 0.3, 0.3 ]
        }
    }
}