{
    "__comment": "Model generated using MrCrayfish's Model Creator (http://mrcrayfish.com/modelcreator/) a model by waterced1",
    "textures": {
        "particle": "blocks/hardened_clay_stained_brown",
        "0": "blocks/hardened_clay_stained_black",
        "1": "blocks/hardened_clay_stained_yellow",
        "2": "blocks/hardened_clay_stained_brown",
        "3": "blocks/glass_silver"
    },
    "elements": [
        {
            "name": "middle1",
            "from": [ 6.0, 3.0, 4.0 ], 
            "to": [ 10.0, 7.0, 6.0 ], 
            "faces": {
                "north": { "texture": "#0", "uv": [ 0.0, 0.0, 4.0, 4.0 ] },
                "east": { "texture": "#0", "uv": [ 0.0, 0.0, 2.0, 4.0 ] },
                "south": { "texture": "#0", "uv": [ 0.0, 0.0, 4.0, 4.0 ] },
                "west": { "texture": "#0", "uv": [ 0.0, 0.0, 2.0, 4.0 ] },
                "up": { "texture": "#0", "uv": [ 0.0, 0.0, 4.0, 2.0 ] },
                "down": { "texture": "#0", "uv": [ 0.0, 0.0, 4.0, 2.0 ] }
            }
        },
        {
            "name": "b1",
            "from": [ 7.000000014901161, 3.000000014901161, 6.0 ], 
            "to": [ 9.000000014901161, 6.000000014901161, 9.0 ], 
            "rotation": { "origin": [ 8.0, 8.0, 8.0 ], "axis": "x", "angle": 22.5 },
            "faces": {
                "north": { "texture": "#0", "uv": [ 0.0, 0.0, 2.0, 3.0 ] },
                "east": { "texture": "#0", "uv": [ 0.0, 0.0, 3.0, 3.0 ] },
                "south": { "texture": "#0", "uv": [ 0.0, 0.0, 2.0, 3.0 ] },
                "west": { "texture": "#0", "uv": [ 0.0, 0.0, 3.0, 3.0 ] },
                "up": { "texture": "#0", "uv": [ 0.0, 0.0, 2.0, 3.0 ] },
                "down": { "texture": "#0", "uv": [ 0.0, 0.0, 2.0, 3.0 ] }
            }
        },
        {
            "name": "b2",
            "from": [ 7.000000014901161, 3.500000022351742, 9.0 ], 
            "to": [ 9.000000014901161, 5.500000022351742, 10.0 ], 
            "rotation": { "origin": [ 8.0, 8.0, 8.0 ], "axis": "x", "angle": 22.5 },
            "faces": {
                "north": { "texture": "#1", "uv": [ 0.0, 0.0, 2.0, 2.0 ] },
                "east": { "texture": "#1", "uv": [ 0.0, 0.0, 1.0, 2.0 ] },
                "south": { "texture": "#1", "uv": [ 0.0, 0.0, 2.0, 2.0 ] },
                "west": { "texture": "#1", "uv": [ 0.0, 0.0, 1.0, 2.0 ] },
                "up": { "texture": "#1", "uv": [ 0.0, 0.0, 2.0, 1.0 ] },
                "down": { "texture": "#1", "uv": [ 0.0, 0.0, 2.0, 1.0 ] }
            }
        },
        {
            "name": "b4",
            "from": [ 7.000000014901161, 3.500000022351742, 11.0 ], 
            "to": [ 9.000000014901161, 5.500000022351742, 12.0 ], 
            "rotation": { "origin": [ 8.0, 8.0, 8.0 ], "axis": "x", "angle": 22.5 },
            "faces": {
                "north": { "texture": "#1", "uv": [ 0.0, 0.0, 2.0, 2.0 ] },
                "east": { "texture": "#1", "uv": [ 0.0, 0.0, 1.0, 2.0 ] },
                "south": { "texture": "#1", "uv": [ 0.0, 0.0, 2.0, 2.0 ] },
                "west": { "texture": "#1", "uv": [ 0.0, 0.0, 1.0, 2.0 ] },
                "up": { "texture": "#1", "uv": [ 0.0, 0.0, 2.0, 1.0 ] },
                "down": { "texture": "#1", "uv": [ 0.0, 0.0, 2.0, 1.0 ] }
            }
        },
        {
            "name": "b6",
            "from": [ 7.500000022351742, 4.000000029802322, 13.0 ], 
            "to": [ 8.500000022351742, 5.000000029802322, 14.0 ], 
            "rotation": { "origin": [ 8.0, 8.0, 8.0 ], "axis": "x", "angle": 22.5 },
            "faces": {
                "north": { "texture": "#1", "uv": [ 0.0, 0.0, 1.0, 1.0 ] },
                "east": { "texture": "#1", "uv": [ 0.0, 0.0, 1.0, 1.0 ] },
                "south": { "texture": "#1", "uv": [ 0.0, 0.0, 1.0, 1.0 ] },
                "west": { "texture": "#1", "uv": [ 0.0, 0.0, 1.0, 1.0 ] },
                "up": { "texture": "#1", "uv": [ 0.0, 0.0, 1.0, 1.0 ] },
                "down": { "texture": "#1", "uv": [ 0.0, 0.0, 1.0, 1.0 ] }
            }
        },
        {
            "name": "b3",
            "from": [ 7.000000014901161, 3.500000022351742, 10.0 ], 
            "to": [ 9.000000014901161, 5.500000022351742, 11.0 ], 
            "rotation": { "origin": [ 8.0, 8.0, 8.0 ], "axis": "x", "angle": 22.5 },
            "faces": {
                "north": { "texture": "#2", "uv": [ 0.0, 0.0, 2.0, 2.0 ] },
                "east": { "texture": "#2", "uv": [ 0.0, 0.0, 1.0, 2.0 ] },
                "south": { "texture": "#2", "uv": [ 0.0, 0.0, 2.0, 2.0 ] },
                "west": { "texture": "#2", "uv": [ 0.0, 0.0, 1.0, 2.0 ] },
                "up": { "texture": "#2", "uv": [ 0.0, 0.0, 2.0, 1.0 ] },
                "down": { "texture": "#2", "uv": [ 0.0, 0.0, 2.0, 1.0 ] }
            }
        },
        {
            "name": "b5",
            "from": [ 7.000000014901161, 3.500000022351742, 12.0 ], 
            "to": [ 9.000000014901161, 5.500000022351742, 13.0 ], 
            "rotation": { "origin": [ 8.0, 8.0, 8.0 ], "axis": "x", "angle": 22.5 },
            "faces": {
                "north": { "texture": "#2", "uv": [ 0.0, 0.0, 2.0, 2.0 ] },
                "east": { "texture": "#2", "uv": [ 0.0, 0.0, 1.0, 2.0 ] },
                "south": { "texture": "#2", "uv": [ 0.0, 0.0, 2.0, 2.0 ] },
                "west": { "texture": "#2", "uv": [ 0.0, 0.0, 1.0, 2.0 ] },
                "up": { "texture": "#2", "uv": [ 0.0, 0.0, 2.0, 1.0 ] },
                "down": { "texture": "#2", "uv": [ 0.0, 0.0, 2.0, 1.0 ] }
            }
        },
        {
            "name": "b6",
            "from": [ 7.700000010430813, 4.200000017881393, 14.0 ], 
            "to": [ 8.200000002980232, 4.700000010430813, 15.0 ], 
            "rotation": { "origin": [ 8.0, 8.0, 8.0 ], "axis": "x", "angle": 22.5 },
            "faces": {
                "north": { "texture": "#2", "uv": [ 0.0, 0.0, 0.4999999925494194, 0.4999999925494194 ] },
                "east": { "texture": "#2", "uv": [ 0.0, 0.0, 1.0, 0.4999999925494194 ] },
                "south": { "texture": "#2", "uv": [ 0.0, 0.0, 0.4999999925494194, 0.4999999925494194 ] },
                "west": { "texture": "#2", "uv": [ 0.0, 0.0, 1.0, 0.4999999925494194 ] },
                "up": { "texture": "#2", "uv": [ 0.0, 0.0, 0.4999999925494194, 1.0 ] },
                "down": { "texture": "#2", "uv": [ 0.0, 0.0, 0.4999999925494194, 1.0 ] }
            }
        },
        {
            "name": "wing1",
            "from": [ 5.0, 5.299999989569187, 6.0 ], 
            "to": [ 7.499999992549419, 5.499999989569187, 11.0 ], 
            "faces": {
                "north": { "texture": "#3", "uv": [ 6.0, 5.0, 8.49999999254942, 5.2 ] },
                "east": { "texture": "#3", "uv": [ 3.0, 5.0, 8.0, 5.2 ] },
                "south": { "texture": "#3", "uv": [ 3.0, 6.0, 5.499999992549419, 6.2 ] },
                "west": { "texture": "#3", "uv": [ 3.0, 2.0, 8.0, 2.2 ] },
                "up": { "texture": "#3", "uv": [ 3.0, 3.0, 5.499999992549419, 8.0 ] },
                "down": { "texture": "#3", "uv": [ 3.0, 3.0, 5.499999992549419, 8.0 ] }
            }
        },
        {
            "name": "wing2",
            "from": [ 8.50000000745058, 5.299999989569187, 6.0 ], 
            "to": [ 11.0, 5.499999989569187, 11.0 ], 
            "faces": {
                "north": { "texture": "#3", "uv": [ 6.0, 5.0, 8.49999999254942, 5.2 ] },
                "east": { "texture": "#3", "uv": [ 3.0, 5.0, 8.0, 5.2 ] },
                "south": { "texture": "#3", "uv": [ 3.0, 6.0, 5.499999992549419, 6.2 ] },
                "west": { "texture": "#3", "uv": [ 3.0, 2.0, 8.0, 2.2 ] },
                "up": { "texture": "#3", "uv": [ 3.0, 3.0, 5.499999992549419, 8.0 ] },
                "down": { "texture": "#3", "uv": [ 3.0, 3.0, 5.499999992549419, 8.0 ] }
            }
        },
        {
            "name": "leg1",
            "from": [ 8.0, 0.5000000074505806, 5.0 ], 
            "to": [ 8.5, 3.0, 5.5 ], 
            "rotation": { "origin": [ 8.0, 8.0, 8.0 ], "axis": "z", "angle": -22.5 },
            "faces": {
                "north": { "texture": "#2", "uv": [ 0.0, 0.0, 0.5, 2.4999999925494194 ] },
                "east": { "texture": "#2", "uv": [ 0.0, 0.0, 0.5, 2.4999999925494194 ] },
                "south": { "texture": "#2", "uv": [ 0.0, 0.0, 0.5, 2.4999999925494194 ] },
                "west": { "texture": "#2", "uv": [ 0.0, 0.0, 0.5, 2.4999999925494194 ] },
                "up": { "texture": "#2", "uv": [ 0.0, 0.0, 0.5, 0.5 ] },
                "down": { "texture": "#2", "uv": [ 0.0, 0.0, 0.5, 0.5 ] }
            }
        },
        {
            "name": "leg2",
            "from": [ 7.500000007450581, 0.5000000074505806, 5.0 ], 
            "to": [ 8.00000000745058, 3.5000000074505806, 5.5 ], 
            "rotation": { "origin": [ 8.0, 8.0, 8.0 ], "axis": "z", "angle": 22.5 },
            "faces": {
                "north": { "texture": "#2", "uv": [ 0.0, 0.0, 0.5, 3.0 ] },
                "east": { "texture": "#2", "uv": [ 0.0, 0.0, 0.5, 3.0 ] },
                "south": { "texture": "#2", "uv": [ 0.0, 0.0, 0.5, 3.0 ] },
                "west": { "texture": "#2", "uv": [ 0.0, 0.0, 0.5, 3.0 ] },
                "up": { "texture": "#2", "uv": [ 0.0, 0.0, 0.5, 0.5 ] },
                "down": { "texture": "#2", "uv": [ 0.0, 0.0, 0.5, 0.5 ] }
            }
        },
        {
            "name": "leg3",
            "from": [ 6.700000010430813, 1.0, 6.599999979138374 ], 
            "to": [ 7.200000010430813, 3.5000000074505806, 7.099999979138374 ], 
            "rotation": { "origin": [ 8.0, 8.0, 8.0 ], "axis": "z", "angle": 22.5 },
            "faces": {
                "north": { "texture": "#2", "uv": [ 0.0, 0.0, 0.5, 2.5000000074505806 ] },
                "east": { "texture": "#2", "uv": [ 0.0, 0.0, 0.5, 2.5000000074505806 ] },
                "south": { "texture": "#2", "uv": [ 0.0, 0.0, 0.5, 2.5000000074505806 ] },
                "west": { "texture": "#2", "uv": [ 0.0, 0.0, 0.5, 2.5000000074505806 ] },
                "up": { "texture": "#2", "uv": [ 0.0, 0.0, 0.5, 0.5 ] },
                "down": { "texture": "#2", "uv": [ 0.0, 0.0, 0.5, 0.5 ] }
            }
        },
        {
            "name": "leg4",
            "from": [ 8.700000010430813, 1.0, 6.599999979138374 ], 
            "to": [ 9.200000010430813, 3.5000000074505806, 7.099999979138374 ], 
            "rotation": { "origin": [ 8.0, 8.0, 8.0 ], "axis": "z", "angle": -22.5 },
            "faces": {
                "north": { "texture": "#2", "uv": [ 0.0, 0.0, 0.5, 2.5000000074505806 ] },
                "east": { "texture": "#2", "uv": [ 0.0, 0.0, 0.5, 2.5000000074505806 ] },
                "south": { "texture": "#2", "uv": [ 0.0, 0.0, 0.5, 2.5000000074505806 ] },
                "west": { "texture": "#2", "uv": [ 0.0, 0.0, 0.5, 2.5000000074505806 ] },
                "up": { "texture": "#2", "uv": [ 0.0, 0.0, 0.5, 0.5 ] },
                "down": { "texture": "#2", "uv": [ 0.0, 0.0, 0.5, 0.5 ] }
            }
        },
        {
            "name": "leg5",
            "from": [ 8.800000011920929, 1.0, 6.599999979138374 ], 
            "to": [ 9.300000011920929, 3.5000000074505806, 7.099999979138374 ], 
            "rotation": { "origin": [ 8.0, 8.0, 8.0 ], "axis": "x", "angle": -22.5 },
            "faces": {
                "north": { "texture": "#2", "uv": [ 0.0, 0.0, 0.5, 2.5000000074505806 ] },
                "east": { "texture": "#2", "uv": [ 0.0, 0.0, 0.5, 2.5000000074505806 ] },
                "south": { "texture": "#2", "uv": [ 0.0, 0.0, 0.5, 2.5000000074505806 ] },
                "west": { "texture": "#2", "uv": [ 0.0, 0.0, 0.5, 2.5000000074505806 ] },
                "up": { "texture": "#2", "uv": [ 0.0, 0.0, 0.5, 0.5 ] },
                "down": { "texture": "#2", "uv": [ 0.0, 0.0, 0.5, 0.5 ] }
            }
        },
        {
            "name": "leg6",
            "from": [ 6.700000010430813, 1.0, 6.599999979138374 ], 
            "to": [ 7.200000010430813, 3.5000000074505806, 7.099999979138374 ], 
            "rotation": { "origin": [ 8.0, 8.0, 8.0 ], "axis": "x", "angle": -22.5 },
            "faces": {
                "north": { "texture": "#2", "uv": [ 0.0, 0.0, 0.5, 2.5000000074505806 ] },
                "east": { "texture": "#2", "uv": [ 0.0, 0.0, 0.5, 2.5000000074505806 ] },
                "south": { "texture": "#2", "uv": [ 0.0, 0.0, 0.5, 2.5000000074505806 ] },
                "west": { "texture": "#2", "uv": [ 0.0, 0.0, 0.5, 2.5000000074505806 ] },
                "up": { "texture": "#2", "uv": [ 0.0, 0.0, 0.5, 0.5 ] },
                "down": { "texture": "#2", "uv": [ 0.0, 0.0, 0.5, 0.5 ] }
            }
        },
        {
            "name": "head",
            "from": [ 7.0, 3.0, 3.0 ], 
            "to": [ 9.0, 6.0, 4.0 ], 
            "faces": {
                "north": { "texture": "#2", "uv": [ 0.0, 0.0, 2.0, 3.0 ] },
                "east": { "texture": "#2", "uv": [ 0.0, 0.0, 1.0, 3.0 ] },
                "south": { "texture": "#2", "uv": [ 0.0, 0.0, 2.0, 3.0 ] },
                "west": { "texture": "#2", "uv": [ 0.0, 0.0, 1.0, 3.0 ] },
                "up": { "texture": "#2", "uv": [ 0.0, 0.0, 2.0, 1.0 ] },
                "down": { "texture": "#2", "uv": [ 0.0, 0.0, 2.0, 1.0 ] }
            }
        },
        {
            "name": "head2",
            "from": [ 7.800000011920929, 0.0, 5.0 ], 
            "to": [ 8.0, 2.0, 5.199999988079071 ], 
            "rotation": { "origin": [ 8.0, 8.0, 8.0 ], "axis": "x", "angle": 22.5 },
            "faces": {
                "north": { "texture": "#0", "uv": [ 0.0, 0.0, 0.19999998807907104, 2.0 ] },
                "east": { "texture": "#0", "uv": [ 0.0, 0.0, 0.19999998807907104, 2.0 ] },
                "south": { "texture": "#0", "uv": [ 0.0, 0.0, 0.19999998807907104, 2.0 ] },
                "west": { "texture": "#0", "uv": [ 0.0, 0.0, 0.19999998807907104, 2.0 ] },
                "up": { "texture": "#0", "uv": [ 0.0, 0.0, 0.19999998807907104, 0.19999998807907104 ] },
                "down": { "texture": "#0", "uv": [ 0.0, 0.0, 0.19999998807907104, 0.19999998807907104 ] }
            }
        },
        {
            "name": "eye1",
            "from": [ 6.5999999940395355, 5.100000001490116, 2.700000010430813 ], 
            "to": [ 7.5999999940395355, 6.100000001490116, 3.700000010430813 ], 
            "faces": {
                "north": { "texture": "#0", "uv": [ 0.0, 0.0, 1.0, 1.0 ] },
                "east": { "texture": "#0", "uv": [ 0.0, 0.0, 1.0, 1.0 ] },
                "south": { "texture": "#0", "uv": [ 0.0, 0.0, 1.0, 1.0 ] },
                "west": { "texture": "#0", "uv": [ 0.0, 0.0, 1.0, 1.0 ] },
                "up": { "texture": "#0", "uv": [ 0.0, 0.0, 1.0, 1.0 ] },
                "down": { "texture": "#0", "uv": [ 0.0, 0.0, 1.0, 1.0 ] }
            }
        },
        {
            "name": "eye2",
            "from": [ 8.30000001937151, 5.100000001490116, 2.700000010430813 ], 
            "to": [ 9.30000001937151, 6.100000001490116, 3.700000010430813 ], 
            "faces": {
                "north": { "texture": "#0", "uv": [ 0.0, 0.0, 1.0, 1.0 ] },
                "east": { "texture": "#0", "uv": [ 0.0, 0.0, 1.0, 1.0 ] },
                "south": { "texture": "#0", "uv": [ 0.0, 0.0, 1.0, 1.0 ] },
                "west": { "texture": "#0", "uv": [ 0.0, 0.0, 1.0, 1.0 ] },
                "up": { "texture": "#0", "uv": [ 0.0, 0.0, 1.0, 1.0 ] },
                "down": { "texture": "#0", "uv": [ 0.0, 0.0, 1.0, 1.0 ] }
            }
        }
    ],
	"display": {
        "gui": {
            "rotation": [ 25, 45, 0 ],
            "translation": [ 0, 4, 0 ],
            "scale": [ 1.5, 1.5, 1.5 ]
        },
        "fixed": {
            "rotation": [ 90, 270, 90 ],
            "translation": [ 0, 4, 0],
            "scale":[ 1, 1, 1 ]
        },
        "ground": {
            "rotation": [ 0, 0, 0 ],
            "translation": [ 0, 5, 1 ],
            "scale": [ 0.3, 0.3, 0.3 ]
        },
        "thirdperson_righthand": {
            "rotation": [ 45, 45, 0 ],
            "translation": [ 1, 0, 1 ],
            "scale": [ 0.5, 0.5, 0.5 ]
        },
        "firstperson_righthand": {
            "rotation": [ 0, 0, 0 ],
            "translation": [ 0, 2, 0 ],
            "scale": [ 0.5, 0.5, 0.5 ]
        },
        "firstperson_lefthand": {
            "rotation": [ 0, 0, 0 ],
            "translation": [ 0, 2, 0 ],
            "scale": [ 0.5, 0.5, 0.5 ]
        },
		"head": {
            "rotation": [ 0, 0, 0 ],
            "translation": [ 0, -37, 0 ],
            "scale": [ 0.75, 0.75, 0.75 ]
        }
    }
}