{
    "__comment": "Model generated using MrCrayfish's Model Creator (http://mrcrayfish.com/modelcreator/)a model by waterced1",
    "textures": {
        "particle": "blocks/planks_oak",
        "0": "blocks/planks_oak",
        "1": "blocks/planks_spruce",
        "2": "blocks/cauldron_inner",
        "3": "blocks/planks_big_oak",
        "4": "blocks/log_big_oak"
    },
    "elements": [
        {
            "name": "base",
            "from": [ 2.0, 3.0, 2.0 ], 
            "to": [ 14.0, 13.0, 14.0 ], 
            "faces": {
                "north": { "texture": "#0", "uv": [ 0.0, 0.0, 16.0, 16.0 ] },
                "east": { "texture": "#0", "uv": [ 0.0, 0.0, 16.0, 16.0 ] },
                "south": { "texture": "#0", "uv": [ 0.0, 0.0, 16.0, 16.0 ] },
                "west": { "texture": "#0", "uv": [ 0.0, 0.0, 16.0, 16.0 ] },
                "up": { "texture": "#0", "uv": [ 3.0, 2.0, 15.0, 14.0 ] },
                "down": { "texture": "#0", "uv": [ 0.0, 0.0, 16.0, 16.0 ] }
            }
        },
        {
            "name": "yop1",
            "from": [ 1.5000000074505806, 13.0, 1.5000000074505806 ], 
            "to": [ 14.50000000745058, 15.0, 14.50000000745058 ], 
            "faces": {
                "north": { "texture": "#1", "uv": [ 0.0, 14.0, 13.0, 16.0 ] },
                "east": { "texture": "#1", "uv": [ 0.0, 14.0, 13.0, 16.0 ] },
                "south": { "texture": "#1", "uv": [ 0.0, 14.0, 13.0, 16.0 ] },
                "west": { "texture": "#1", "uv": [ 0.0, 14.0, 13.0, 16.0 ] },
                "up": { "texture": "#1", "uv": [ 0.0, 0.0, 13.0, 13.0 ] },
                "down": { "texture": "#1", "uv": [ 0.0, 0.0, 13.0, 13.0 ] }
            }
        },
        {
            "name": "top2",
            "from": [ 3.000000014901161, 15.0, 1.5000000074505806 ], 
            "to": [ 13.000000014901161, 16.0, 14.50000000745058 ], 
            "faces": {
                "north": { "texture": "#1", "uv": [ 2.0, 13.0, 12.0, 14.0 ] },
                "east": { "texture": "#1", "uv": [ 1.0, 12.0, 14.0, 13.0 ] },
                "south": { "texture": "#1", "uv": [ 2.0, 12.0, 12.0, 13.0 ] },
                "west": { "texture": "#1", "uv": [ 1.0, 12.0, 14.0, 13.0 ] },
                "up": { "texture": "#1", "uv": [ 0.0, 0.0, 10.0, 13.0 ] },
                "down": { "texture": "#1", "uv": [ 0.0, 0.0, 10.0, 13.0 ] }
            }
        },
        {
            "name": "top3",
            "from": [ 4.500000007450581, 16.0, 1.5000000074505806 ], 
            "to": [ 11.50000000745058, 17.0, 14.50000000745058 ], 
            "faces": {
                "north": { "texture": "#1", "uv": [ 2.0, 11.0, 9.0, 12.0 ] },
                "east": { "texture": "#1", "uv": [ 1.0, 11.0, 14.0, 12.0 ] },
                "south": { "texture": "#1", "uv": [ 2.0, 11.0, 9.0, 12.0 ] },
                "west": { "texture": "#1", "uv": [ 1.0, 11.0, 14.0, 12.0 ] },
                "up": { "texture": "#1", "uv": [ 0.0, 0.0, 7.0, 13.0 ] },
                "down": { "texture": "#1", "uv": [ 0.0, 0.0, 7.0, 13.0 ] }
            }
        },
        {
            "name": "roof1",
            "from": [ 2.0, 16.299999989569187, 1.0 ], 
            "to": [ 12.0, 17.69999999552965, 16.0 ], 
            "rotation": { "origin": [ 8.0, 8.0, 8.0 ], "axis": "z", "angle": 22.5 },
            "faces": {
                "north": { "texture": "#2", "uv": [ 0.0, 0.0, 10.0, 1.4000000059604645 ] },
                "east": { "texture": "#2", "uv": [ 0.0, 0.0, 15.0, 1.4000000059604645 ] },
                "south": { "texture": "#2", "uv": [ 0.0, 0.0, 10.0, 1.4000000059604645 ] },
                "west": { "texture": "#2", "uv": [ 0.0, 0.0, 15.0, 1.4000000059604645 ] },
                "up": { "texture": "#2", "uv": [ 0.0, 0.0, 10.0, 15.0 ] },
                "down": { "texture": "#2", "uv": [ 0.0, 0.0, 10.0, 15.0 ] }
            }
        },
        {
            "name": "roof2",
            "from": [ 4.0, 16.299999989569187, 1.0 ], 
            "to": [ 14.0, 17.69999999552965, 16.0 ], 
            "rotation": { "origin": [ 8.0, 8.0, 8.0 ], "axis": "z", "angle": -22.5 },
            "faces": {
                "north": { "texture": "#2", "uv": [ 0.0, 0.0, 10.0, 1.4000000059604645 ] },
                "east": { "texture": "#2", "uv": [ 0.0, 0.0, 15.0, 1.4000000059604645 ] },
                "south": { "texture": "#2", "uv": [ 0.0, 0.0, 10.0, 1.4000000059604645 ] },
                "west": { "texture": "#2", "uv": [ 0.0, 0.0, 15.0, 1.4000000059604645 ] },
                "up": { "texture": "#2", "uv": [ 6.0, 0.0, 16.0, 15.0 ] },
                "down": { "texture": "#2", "uv": [ 0.0, 0.0, 10.0, 15.0 ] }
            }
        },
        {
            "name": "exit1",
            "from": [ 4.0, 4.0, 14.0 ], 
            "to": [ 12.0, 4.499999992549419, 15.0 ], 
            "faces": {
                "north": { "texture": "#3", "uv": [ 4.0, 2.0, 12.0, 2.4999999925494194 ] },
                "east": { "texture": "#3", "uv": [ 6.0, 6.0, 7.0, 6.499999992549419 ] },
                "south": { "texture": "#3", "uv": [ 4.0, 8.0, 12.0, 8.49999999254942 ] },
                "west": { "texture": "#3", "uv": [ 0.0, 0.0, 1.0, 0.4999999925494194 ] },
                "up": { "texture": "#3", "uv": [ 2.0, 5.0, 10.0, 6.0 ] },
                "down": { "texture": "#3", "uv": [ 4.0, 5.0, 12.0, 6.0 ] }
            }
        },
        {
            "name": "exit2",
            "from": [ 3.0, 4.0, 14.0 ], 
            "to": [ 4.0, 5.0, 15.49999999254942 ], 
            "faces": {
                "north": { "texture": "#3", "uv": [ 4.0, 2.0, 5.0, 3.0 ] },
                "east": { "texture": "#3", "uv": [ 6.0, 6.0, 7.499999992549419, 7.0 ] },
                "south": { "texture": "#3", "uv": [ 4.0, 8.0, 5.0, 9.0 ] },
                "west": { "texture": "#3", "uv": [ 0.0, 0.0, 1.4999999925494194, 1.0 ] },
                "up": { "texture": "#3", "uv": [ 13.0, 4.0, 14.0, 5.499999992549419 ] },
                "down": { "texture": "#3", "uv": [ 4.0, 5.0, 5.0, 6.499999992549419 ] }
            }
        },
        {
            "name": "exit3",
            "from": [ 12.0, 4.0, 14.0 ], 
            "to": [ 13.0, 5.0, 15.49999999254942 ], 
            "faces": {
                "north": { "texture": "#3", "uv": [ 4.0, 2.0, 5.0, 3.0 ] },
                "east": { "texture": "#3", "uv": [ 6.0, 6.0, 7.499999992549419, 7.0 ] },
                "south": { "texture": "#3", "uv": [ 4.0, 8.0, 5.0, 9.0 ] },
                "west": { "texture": "#3", "uv": [ 0.0, 0.0, 1.4999999925494194, 1.0 ] },
                "up": { "texture": "#3", "uv": [ 13.0, 4.0, 14.0, 5.499999992549419 ] },
                "down": { "texture": "#3", "uv": [ 4.0, 5.0, 5.0, 6.499999992549419 ] }
            }
        },
        {
            "name": "miniroof1",
            "from": [ 4.0, 12.0, 12.49999999254942 ], 
            "to": [ 12.0, 12.49999999254942, 14.49999999254942 ], 
            "rotation": { "origin": [ 8.0, 8.0, 8.0 ], "axis": "x", "angle": 22.5 },
            "faces": {
                "north": { "texture": "#3", "uv": [ 4.0, 2.0, 12.0, 2.4999999925494194 ] },
                "east": { "texture": "#3", "uv": [ 6.0, 6.0, 8.0, 6.499999992549419 ] },
                "south": { "texture": "#3", "uv": [ 4.0, 8.0, 12.0, 8.49999999254942 ] },
                "west": { "texture": "#3", "uv": [ 0.0, 0.0, 2.0, 0.4999999925494194 ] },
                "up": { "texture": "#3", "uv": [ 2.0, 5.0, 10.0, 7.0 ] },
                "down": { "texture": "#3", "uv": [ 4.0, 5.0, 12.0, 7.0 ] }
            }
        },
        {
            "name": "miniroof2",
            "from": [ 10.999999985098839, 9.0, 13.0 ], 
            "to": [ 11.499999977648258, 12.0, 14.0 ], 
            "rotation": { "origin": [ 8.0, 8.0, 8.0 ], "axis": "x", "angle": 22.5 },
            "faces": {
                "north": { "texture": "#3", "uv": [ 0.0, 0.0, 0.4999999925494194, 3.0 ] },
                "east": { "texture": "#3", "uv": [ 0.0, 0.0, 1.0, 3.0 ] },
                "south": { "texture": "#3", "uv": [ 0.0, 0.0, 0.4999999925494194, 3.0 ] },
                "west": { "texture": "#3", "uv": [ 0.0, 0.0, 1.0, 3.0 ] },
                "up": { "texture": "#3", "uv": [ 0.0, 0.0, 0.4999999925494194, 1.0 ] },
                "down": { "texture": "#3", "uv": [ 0.0, 0.0, 0.4999999925494194, 1.0 ] }
            }
        },
        {
            "name": "miniroof3",
            "from": [ 4.499999992549419, 9.0, 13.0 ], 
            "to": [ 4.999999985098839, 12.0, 14.0 ], 
            "rotation": { "origin": [ 8.0, 8.0, 8.0 ], "axis": "x", "angle": 22.5 },
            "faces": {
                "north": { "texture": "#3", "uv": [ 0.0, 0.0, 0.4999999925494194, 3.0 ] },
                "east": { "texture": "#3", "uv": [ 0.0, 0.0, 1.0, 3.0 ] },
                "south": { "texture": "#3", "uv": [ 0.0, 0.0, 0.4999999925494194, 3.0 ] },
                "west": { "texture": "#3", "uv": [ 0.0, 0.0, 1.0, 3.0 ] },
                "up": { "texture": "#3", "uv": [ 0.0, 0.0, 0.4999999925494194, 1.0 ] },
                "down": { "texture": "#3", "uv": [ 0.0, 0.0, 0.4999999925494194, 1.0 ] }
            }
        },
        {
            "name": "foot1",
            "from": [ 4.0, -3.0, 11.0 ], 
            "to": [ 6.0, 2.0, 13.0 ], 
            "rotation": { "origin": [ 8.0, 8.0, 8.0 ], "axis": "z", "angle": -22.5 },
            "faces": {
                "north": { "texture": "#4", "uv": [ 5.0, 1.0, 7.0, 6.0 ] },
                "east": { "texture": "#4", "uv": [ 4.0, 3.0, 6.0, 8.0 ] },
                "south": { "texture": "#4", "uv": [ 4.0, 4.0, 6.0, 9.0 ] },
                "west": { "texture": "#4", "uv": [ 4.0, 6.0, 6.0, 11.0 ] },
                "up": { "texture": "#4", "uv": [ 0.0, 0.0, 2.0, 2.0 ] },
                "down": { "texture": "#4", "uv": [ 0.0, 0.0, 2.0, 2.0 ] }
            }
        },
        {
            "name": "foot2",
            "from": [ 4.0, -3.0, 3.0 ], 
            "to": [ 6.0, 2.0, 5.0 ], 
            "rotation": { "origin": [ 8.0, 8.0, 8.0 ], "axis": "z", "angle": -22.5 },
            "faces": {
                "north": { "texture": "#4", "uv": [ 0.0, 0.0, 2.0, 5.0 ] },
                "east": { "texture": "#4", "uv": [ 0.0, 0.0, 2.0, 5.0 ] },
                "south": { "texture": "#4", "uv": [ 0.0, 0.0, 2.0, 5.0 ] },
                "west": { "texture": "#4", "uv": [ 0.0, 0.0, 2.0, 5.0 ] },
                "up": { "texture": "#4", "uv": [ 0.0, 0.0, 2.0, 2.0 ] },
                "down": { "texture": "#4", "uv": [ 0.0, 0.0, 2.0, 2.0 ] }
            }
        },
        {
            "name": "foot3",
            "from": [ 10.0, -3.0, 3.0 ], 
            "to": [ 12.0, 2.0, 5.0 ], 
            "rotation": { "origin": [ 8.0, 8.0, 8.0 ], "axis": "z", "angle": 22.5 },
            "faces": {
                "north": { "texture": "#4", "uv": [ 5.0, 1.0, 7.0, 6.0 ] },
                "east": { "texture": "#4", "uv": [ 7.0, 10.0, 9.0, 15.0 ] },
                "south": { "texture": "#4", "uv": [ 4.0, 4.0, 6.0, 9.0 ] },
                "west": { "texture": "#4", "uv": [ 5.0, 4.0, 7.0, 9.0 ] },
                "up": { "texture": "#4", "uv": [ 0.0, 0.0, 2.0, 2.0 ] },
                "down": { "texture": "#4", "uv": [ 0.0, 0.0, 2.0, 2.0 ] }
            }
        },
        {
            "name": "foot4",
            "from": [ 10.0, -3.0, 11.0 ], 
            "to": [ 12.0, 2.0, 13.0 ], 
            "rotation": { "origin": [ 8.0, 8.0, 8.0 ], "axis": "z", "angle": 22.5 },
            "faces": {
                "north": { "texture": "#4", "uv": [ 5.0, 1.0, 7.0, 6.0 ] },
                "east": { "texture": "#4", "uv": [ 4.0, 3.0, 6.0, 8.0 ] },
                "south": { "texture": "#4", "uv": [ 4.0, 4.0, 6.0, 9.0 ] },
                "west": { "texture": "#4", "uv": [ 4.0, 6.0, 6.0, 11.0 ] },
                "up": { "texture": "#4", "uv": [ 0.0, 0.0, 2.0, 2.0 ] },
                "down": { "texture": "#4", "uv": [ 0.0, 0.0, 2.0, 2.0 ] }
            }
        }
    ],
    "display": {
        "thirdperson_righthand": {
            "rotation": [ 80, 45, 0 ],
            "translation": [ 0, 3, 0 ],
            "scale": [ 0.35, 0.35, 0.35 ]
        },
        "thirdperson_lefthand": {
            "rotation": [ 80, 45, 0 ],
            "translation": [ 0, 3, 0 ],
            "scale": [ 0.35, 0.35, 0.35 ]
        },
        "head": {
            "rotation": [ 0, 0, 0 ],
            "translation": [ 0, 0, 0 ],
            "scale": [ 0.5, 0.5, 0.5 ]
        },
        "ground": {
            "rotation": [ 0, 0, 0 ],
            "translation": [ 0, 2, 0 ],
            "scale": [ 0.25, 0.25, 0.25 ]
        },
        "fixed": {
            "rotation": [ 0, 180, 0 ],
            "translation": [ 0, 0, -9 ],
            "scale": [ 2.1, 2, 2 ]
        },
        "firstperson_righthand": {
            "rotation": [ 0, 0, 0 ],
            "translation": [ 0, 0, 0 ],
            "scale": [ 0.5, 0.5, 0.5 ]
        },
        "firstperson_lefthand": {
            "rotation": [ 0, 0, 0 ],
            "translation": [ 0, 0, 0 ],
            "scale": [ 0.5, 0.5, 0.5 ]
        },
        "gui": {
            "rotation": [ 25, 45, 0 ],
            "translation": [ 0, 0, 0 ],
            "scale": [ 0.58, 0.58, 0.58 ]
        }
    }
}