{
	"__comment": "",
	"ambientocclusion": true,
	"textures": {
		"hand": "items/handgun"
	},
    	"display": {
        "gui": {
            "rotation": [ 30, 45, 0 ],
            "translation": [ 2, 3, 0],
            "scale":[ 1.2, 1.2, 1.2 ]
        },
        "ground": {
            "rotation": [ 0, 0, 0 ],
            "translation": [ 3, 3, 0],
            "scale":[ 1, 1, 1 ]
        },
        "fixed": {
            "rotation": [ 0, 0, 0 ],
            "translation": [ 4, 2, 0],
            "scale":[ 1.3, 1.3, 1.3 ]
        },
        "thirdperson_righthand": {
            "rotation": [ 0, 90, 0 ],
            "translation": [ 0, 4, -5 ],
            "scale": [ 1, 1, 1 ]
        },
        "firstperson_righthand": {
            "rotation": [ 0, -275, 0 ],
            "translation": [ 3, 3, -10 ],
            "scale": [ 1.3, 1.3, 1.3 ]
        },
        "firstperson_lefthand": {
              "rotation": [ 0, -95, 0 ],
            "translation": [ 3, 3, -10 ],
            "scale": [ 1.3, 1.3, 1.3 ]
        },
        "thirdperson_lefthand": {
            "rotation": [ 0, -90, 0 ],
            "translation": [ 0, 4, -5 ],
            "scale": [ 1, 1, 1 ]
	}
},
	"elements": [
		{
			"from": [ 0, 6, 7 ],
			"to": [ 10, 8, 9 ],
			"faces": {
				"north": { "uv": [ 6, 0, 16, 2 ], "texture": "#hand", "cullface": true },
				"south": { "uv": [ 6, 0, 16, 2 ], "texture": "#hand", "cullface": true },
				"east": { "uv": [ 15, 2, 16, 3 ], "texture": "#hand", "cullface": true },
				"west": { "uv": [ 15, 2, 16, 3 ], "texture": "#hand", "cullface": true },
				"up": { "uv": [ 6, 0, 16, 2 ], "texture": "#hand", "cullface": true },
				"down": { "uv": [ 6, 0, 16, 2 ], "texture": "#hand", "cullface": true }
			}
		},
		{
			"from": [ 2.3, 3, 7.1 ],
			"to": [ 4.8, 7.5, 8.9 ],
            "rotation": {
                "origin": [ 2.5, 6, 8 ],
                "axis": "z",
                "angle": -22.5,
                "rescale": true
            },
            "shade": false,
            "faces": {
				"north": { "uv": [ 7, 3, 10, 6 ], "texture": "#hand", "cullface": false },
				"south": { "uv": [ 7, 3, 10, 6 ], "texture": "#hand", "cullface": false },
				"east": { "uv": [ 7, 3, 8, 6 ], "texture": "#hand", "cullface": false },
				"west": { "uv": [ 9, 3, 10, 7 ], "texture": "#hand", "cullface": false },
				"down": { "uv": [ 7, 6, 10, 7 ], "texture": "#hand", "cullface": false }
			}
		},
		{
			"from": [ -0.2, 7.5, 7.5 ],
			"to": [ 0.8, 8.5, 8.5 ],
			"faces": {
				"north": { "uv": [ 0, 0, 0, 0 ], "texture": "#hand", "cullface": true },
				"south": { "uv": [ 0, 0, 0, 0 ], "texture": "#hand", "cullface": true },
				"east": { "uv": [ 0, 0, 0, 0 ], "texture": "#hand", "cullface": true },
				"west": { "uv": [ 0, 0, 0, 0 ], "texture": "#hand", "cullface": true },
				"up": { "uv": [ 0, 0, 0, 0 ], "texture": "#hand", "cullface": true },
				"down": { "uv": [ 0, 0, 0, 0 ], "texture": "#hand", "cullface": true }
			}
		},
		{
			"from": [ 0, 8, 7.6 ],
			"to": [ 10, 8.3, 8.4 ],
            "faces": {
				"north": { "uv": [ 6, 6, 10, 7 ], "texture": "#hand", "cullface": false },
				"south": { "uv": [ 6, 6, 10, 7 ], "texture": "#hand", "cullface": false },
				"east": { "uv": [ 9, 6, 10, 7 ], "texture": "#hand", "cullface": false },
				"west": { "uv": [ 9, 6, 10, 7 ], "texture": "#hand", "cullface": false },
				"up": { "uv": [ 7, 6, 8, 7 ], "texture": "#hand", "cullface": false },
				"down": { "uv": [ 7, 6, 8, 7 ], "texture": "#hand", "cullface": false }
			}
		}
	]
}