{
"__comment": "Designed by Geenium with BDcraft Cubik PRO 0.95 Beta - http://bdcraft.net/cubik",
"parent": "block/block",
"textures": {
    "texture": "blocks/anvil_base",
    "strap": "blocks/wool_colored_brown",
    "screen": "blocks/coal_block"
},
"elements": [ 
{
    "from": [ 1, 15, 1 ],
    "to": [ 15, 16, 4 ],
    "faces": {
        "up":    { "uv": [ 1, 1, 15, 4 ], "texture": "#texture" },
        "north": { "uv": [ 1, 0, 15, 1 ], "texture": "#texture" },
        "south": { "uv": [ 1, 0, 15, 1 ], "texture": "#texture" },
        "west":  { "uv": [ 1, 0, 4, 1 ], "texture": "#texture" },
        "east":  { "uv": [ 12, 0, 15, 1 ], "texture": "#texture" }
    }
},
{
    "from": [ 2, 16, 1 ],
    "to": [ 14, 17, 4 ],
    "faces": {
        "up":    { "uv": [ 1, 1, 15, 4 ], "texture": "#texture" },
        "north": { "uv": [ 1, 3, 15, 3.5 ], "texture": "#texture" },
        "south": { "uv": [ 1, 6.5, 15, 7 ], "texture": "#texture" },
        "west":  { "uv": [ 1, 10.5, 4, 11 ], "texture": "#texture" },
        "east":  { "uv": [ 12, 5, 15, 5.5 ], "texture": "#texture" }
    }
},
{
    "from": [ 0, -0.5, 0 ],
    "to": [ 16, 15, 4 ],
    "faces": {
        "down":  { "uv": [ 16, 4, 0, 0 ], "texture": "#texture" },
        "up":    { "uv": [ 0, 0, 16, 4 ], "texture": "#texture" },
        "north": { "uv": [ 0, 1, 16, 16 ], "texture": "#texture" },
        "south": { "uv": [ 0, 1, 16, 16 ], "texture": "#texture" },
        "west":  { "uv": [ 0, 1, 4, 16 ], "texture": "#texture" },
        "east":  { "uv": [ 12, 1, 16, 16 ], "texture": "#texture" }
    }
},
{
    "from": [ 2, 15, 0 ],
    "to": [ 14, 16, 1 ],
    "faces": {
        "up":    { "uv": [ 2, 0, 14, 1 ], "texture": "#texture" },
        "north": { "uv": [ 2, 0, 14, 1 ], "texture": "#texture" },
        "west":  { "uv": [ 0, 0, 1, 1 ], "texture": "#texture" },
        "east":  { "uv": [ 15, 0, 16, 1 ], "texture": "#texture" }
    }
},
{
    "from": [ 1, -0.5, -1 ],
    "to": [ 15, 15, 0 ],
    "faces": {
        "down":  { "uv": [ 16, 5, 0, 5.5 ], "texture": "#texture" },
        "up":    { "uv": [ 0, 9.5, 16, 10 ], "texture": "#texture" },
        "north": { "uv": [ 0, 1, 16, 16 ], "texture": "#texture" },
        "west":  { "uv": [ 8, 1, 8.5, 16 ], "texture": "#texture" },
        "east":  { "uv": [ 7, 1, 7.5, 16 ], "texture": "#texture" }
    }
},
{
    "from": [ 0.5, 9, 4 ],
    "to": [ 1, 11, 15.5 ],
    "faces": {
        "down":  { "uv": [ 15.5, 15.5, 15, 4 ], "texture": "#strap" },
        "up":    { "uv": [ 0.5, 4, 1, 15.5 ], "texture": "#strap" },
        "south": { "uv": [ 0.5, 5, 1, 7 ], "texture": "#strap" },
        "west":  { "uv": [ 4, 5, 15.5, 7 ], "texture": "#strap" },
        "east":  { "uv": [ 0.5, 5, 12, 7 ], "texture": "#strap" }
    }
},
{
    "from": [ 1, 9, 15 ],
    "to": [ 15, 11, 15.5 ],
    "faces": {
        "down":  { "uv": [ 15, 15.5, 1, 15 ], "texture": "#strap" },
        "up":    { "uv": [ 1, 15, 15, 15.5 ], "texture": "#strap" },
        "north": { "uv": [ 1, 5, 15, 7 ], "texture": "#strap" },
        "south": { "uv": [ 1, 5, 15, 7 ], "texture": "#strap" }
    }
},
{
    "from": [ 15, 9, 4 ],
    "to": [ 15.5, 11, 15.5 ],
    "faces": {
        "down":  { "uv": [ 1, 15.5, 0.5, 4 ], "texture": "#strap" },
        "up":    { "uv": [ 15, 4, 15.5, 15.5 ], "texture": "#strap" },
        "south": { "uv": [ 15, 5, 15.5, 7 ], "texture": "#strap" },
        "west":  { "uv": [ 4, 5, 15.5, 7 ], "texture": "#strap" },
        "east":  { "uv": [ 0.5, 5, 12, 7 ], "texture": "#strap" }
    }
},
{
    "from": [ 3, 7, -2 ],
    "to": [ 13, 12, -1 ],
    "faces": {
        "down":  { "uv": [ 13, 0, 3, 0 ], "texture": "#screen" },
        "up":    { "uv": [ 3, 0, 13, 0 ], "texture": "#screen" },
        "north": { "uv": [ 3, 4, 13, 9 ], "texture": "#screen" },
        "west":  { "uv": [ 0, 4, 0, 9 ], "texture": "#screen" },
        "east":  { "uv": [ 16, 4, 16, 9 ], "texture": "#screen" }
    }
},
{
    "from": [ 1, -1.5, 0 ],
    "to": [ 15, -0.5, 4 ],
    "faces": {
        "down":  { "uv": [ 15, 4, 1, 0 ], "texture": "#texture" },
        "north": { "uv": [ 1, 10, 15, 10.5 ], "texture": "#texture" },
        "south": { "uv": [ 1, 4.5, 15, 5 ], "texture": "#texture" },
        "west":  { "uv": [ 0, 6, 4, 6.5 ], "texture": "#texture" },
        "east":  { "uv": [ 12, 4.5, 16, 5 ], "texture": "#texture" }
    }
}
],"display": {
        "gui": {
            "rotation": [ 30, 225, 0 ],
            "translation": [ 0, 1, 0 ],
            "scale": [ 0.6, 0.6, 0.6 ]
        },
        "fixed": {
            "rotation": [ 0, 180, 0 ],
            "translation": [ 0, 0, -3],
            "scale":[ 0.8, 0.8, 0.8 ]
        },
        "ground": {
            "rotation": [ 0, 0, 0 ],
            "translation": [ 0, 1, 0 ],
            "scale": [ 0.3, 0.3, 0.3 ]
        }
        }
    }
}