{
    "__comment": "Model generated using MrCrayfish's Model Creator (http://mrcrayfish.com/modelcreator/)",
    "textures": {
        "0": "entity/chest/normal"
    },
    "elements": [
        {
            "name": "Cube",
            "from": [ 1.0, 0.0, 1.0 ], 
            "to": [ 15.0, 10.0, 2.0 ], 
            "faces": {
                "north": { "texture": "#0", "uv": [ 0.0, 8.25, 3.5, 10.75 ] },
                "east": { "texture": "#0", "uv": [ 0.0, 8.25, 0.25, 10.75 ] },
                "south": { "texture": "#0", "uv": [ 0.0, 8.25, 3.5, 10.75 ] },
                "west": { "texture": "#0", "uv": [ 0.0, 8.25, 0.25, 10.75 ] },
                "up": { "texture": "#0", "uv": [ 0.0, 8.25, 3.5, 8.5 ] },
                "down": { "texture": "#0", "uv": [ 0.0, 8.25, 3.5, 8.5 ] }
            }
        },
        {
            "name": "Cube",
            "from": [ 1.0, 0.0, 14.0 ], 
            "to": [ 15.0, 10.0, 15.0 ], 
            "faces": {
                "north": { "texture": "#0", "uv": [ 0.0, 8.25, 3.5, 10.75 ] },
                "east": { "texture": "#0", "uv": [ 0.0, 8.25, 0.25, 10.75 ] },
                "south": { "texture": "#0", "uv": [ 3.5, 8.25, 7.0, 10.75 ] },
                "west": { "texture": "#0", "uv": [ 0.0, 8.25, 0.25, 10.75 ] },
                "up": { "texture": "#0", "uv": [ 0.0, 8.25, 3.5, 8.5 ] },
                "down": { "texture": "#0", "uv": [ 0.0, 8.25, 3.5, 8.5 ] }
            }
        },
        {
            "name": "Cube",
            "from": [ 2.0, 0.0, 2.0 ], 
            "to": [ 14.0, 1.0, 14.0 ], 
            "faces": {
                "up": { "texture": "#0", "uv": [ 3.75, 0.25, 6.75, 3.25 ] },
                "down": { "texture": "#0", "uv": [ 3.75, 0.25, 6.75, 3.25 ] }
            }
        },
        {
            "name": "Cube",
            "from": [ 1.0, 9.0, -3.0 ], 
            "to": [ 15.0, 10.0, 1.0 ], 
            "faces": {
                "north": { "texture": "#0", "uv": [ 0.0, 3.5, 3.5, 3.75 ] },
                "east": { "texture": "#0", "uv": [ 3.5, 3.25, 3.75, 4.25 ], "rotation": 90 },
                "west": { "texture": "#0", "uv": [ 3.5, 3.25, 3.75, 4.25 ], "rotation": 270 },
                "up": { "texture": "#0", "uv": [ 0.0, 3.5, 3.5, 4.5 ] },
                "down": { "texture": "#0", "uv": [ 0.0, 3.5, 3.5, 4.5 ], "rotation": 180 }
            }
        },
        {
            "name": "Cube",
            "from": [ 2.0, 10.0, -3.0 ], 
            "to": [ 14.0, 22.0, -2.0 ], 
            "faces": {
                "north": { "texture": "#0", "uv": [ 3.75, 0.25, 6.75, 3.25 ] },
                "south": { "texture": "#0", "uv": [ 3.75, 0.25, 6.75, 3.25 ] }
            }
        },
        {
            "name": "Cube",
            "from": [ 1.0, 22.0, -3.0 ], 
            "to": [ 15.0, 23.0, 2.0 ], 
            "faces": {
                "north": { "texture": "#0", "uv": [ 0.0, 3.5, 3.5, 3.75 ] },
                "east": { "texture": "#0", "uv": [ 3.5, 3.5, 3.75, 4.75 ], "rotation": 90 },
                "south": { "texture": "#0", "uv": [ 0.0, 3.5, 3.5, 3.75 ] },
                "west": { "texture": "#0", "uv": [ 3.5, 3.5, 3.75, 4.75 ], "rotation": 90 },
                "up": { "texture": "#0", "uv": [ 3.5, 3.5, 7.0, 4.75 ] },
                "down": { "texture": "#0", "uv": [ 0.0, 3.5, 3.5, 4.5 ] }
            }
        },
        {
            "name": "Cube",
            "from": [ 1.0, 0.0, 2.0 ], 
            "to": [ 2.0, 10.0, 14.0 ], 
            "faces": {
                "east": { "texture": "#0", "uv": [ 0.25, 8.25, 3.25, 10.75 ] },
                "west": { "texture": "#0", "uv": [ 0.25, 8.25, 3.25, 10.75 ] },
                "up": { "texture": "#0", "uv": [ 3.0, 8.25, 0.0, 8.5 ], "rotation": 90 },
                "down": { "texture": "#0", "uv": [ 3.0, 8.25, 0.0, 8.5 ], "rotation": 90 }
            }
        },
        {
            "name": "Cube",
            "from": [ 14.0, 0.0, 2.0 ], 
            "to": [ 15.0, 10.0, 14.0 ], 
            "faces": {
                "east": { "texture": "#0", "uv": [ 0.25, 8.25, 3.25, 10.75 ] },
                "west": { "texture": "#0", "uv": [ 0.25, 8.25, 3.25, 10.75 ] },
                "up": { "texture": "#0", "uv": [ 3.0, 8.25, 0.0, 8.5 ] },
                "down": { "texture": "#0", "uv": [ 3.0, 8.25, 0.0, 8.5 ] }
            }
        },
        {
            "name": "Cube",
            "from": [ 1.0, 10.0, -3.0 ], 
            "to": [ 2.0, 22.0, 2.0 ], 
            "faces": {
                "north": { "texture": "#0", "uv": [ 3.5, 0.0, 6.5, 0.25 ], "rotation": 90 },
                "east": { "texture": "#0", "uv": [ 0.25, 3.5, 3.25, 4.75 ], "rotation": 90 },
                "south": { "texture": "#0", "uv": [ 3.5, 0.0, 6.5, 0.25 ], "rotation": 90 },
                "west": { "texture": "#0", "uv": [ 0.25, 3.5, 3.25, 4.75 ], "rotation": 90 }
            }
        },
        {
            "name": "Cube",
            "from": [ 14.0, 10.0, -3.0 ], 
            "to": [ 15.0, 22.0, 2.0 ], 
            "faces": {
                "north": { "texture": "#0", "uv": [ 3.5, 0.0, 6.5, 0.25 ], "rotation": 90 },
                "east": { "texture": "#0", "uv": [ 0.25, 3.5, 3.25, 4.75 ], "rotation": 90 },
                "south": { "texture": "#0", "uv": [ 3.5, 0.0, 6.5, 0.25 ], "rotation": 90 },
                "west": { "texture": "#0", "uv": [ 0.25, 3.5, 3.25, 4.75 ], "rotation": 90 }
            }
        },
        {
            "name": "Cube",
            "from": [ 7.0, 23.0, 0.0 ], 
            "to": [ 9.0, 24.0, 4.0 ], 
            "faces": {
                "north": { "texture": "#0", "uv": [ 0.25, 0.0, 0.75, 0.25 ] },
                "east": { "texture": "#0", "uv": [ 0.0, 0.25, 0.25, 1.25 ], "rotation": 90 },
                "south": { "texture": "#0", "uv": [ 0.25, 0.0, 0.75, 0.25 ] },
                "west": { "texture": "#0", "uv": [ 0.25, 0.0, 0.5, 1.0 ], "rotation": 270 },
                "up": { "texture": "#0", "uv": [ 0.25, 0.25, 0.75, 1.25 ] },
                "down": { "texture": "#0", "uv": [ 0.75, 0.25, 0.25, 1.25 ], "rotation": 180 }
            }
        }
	],
    "display": {
        "gui": {
            "rotation": [ 45, 45, 0 ],
            "scale": [ 0.5, 0.5, 0.5 ],
			"translation": [ 0, -2, 0 ]
		},
		"firstperson_righthand": {
			"scale": [ 0.5, 0.5, 0.5]
		},
		"firstperson_lefthand": {
			"scale": [ 0.5, 0.5, 0.5]
		},
		"thirdperson_righthand": {
			"scale": [ 0.5, 0.5, 0.5]
		},
		"thirdperson_lefthand": {
			"scale": [ 0.5, 0.5, 0.5]
		},
		"head": {
			"translation": [ 0, -30.5, 0],
			"scale": [ 1.6, 1.6, 1.6]
		},
		"ground": {
			"translation": [ 0, 1, 0],
			"scale": [ 0.25, 0.25, 0.25]
		},
		"fixed": {
			"rotation": [ 0, 180, 0 ],
			"translation": [ 0, 1, 0],
			"scale": [ 0.5, 0.5, 0.5]
		}
    }
}