{
    "__comment": "Model generated using MrCrayfish's Model Creator (http://mrcrayfish.com/modelcreator/) a model by waterced1",
    "textures": {
        "particle": "blocks/wool_colored_silver",
        "0": "blocks/wool_colored_silver",
        "1": "blocks/glass_black"
    },
    "elements": [
        {
            "name": "top1",
            "from": [ 0.0, 13.0, 0.0 ], 
            "to": [ 16.0, 16.0, 16.0 ], 
            "faces": {
                "north": { "texture": "#0", "uv": [ 0.0, 0.0, 16.0, 3.0 ] },
                "east": { "texture": "#0", "uv": [ 0.0, 0.0, 16.0, 3.0 ] },
                "south": { "texture": "#0", "uv": [ 0.0, 0.0, 16.0, 3.0 ] },
                "west": { "texture": "#0", "uv": [ 0.0, 0.0, 16.0, 3.0 ] },
                "up": { "texture": "#0", "uv": [ 0.0, 0.0, 16.0, 16.0 ] },
                "down": { "texture": "#0", "uv": [ 0.0, 0.0, 16.0, 16.0 ] }
            }
        },
        {
            "name": "top2",
            "from": [ 3.0, 16.0, 3.0 ], 
            "to": [ 13.0, 21.0, 13.0 ], 
            "faces": {
                "north": { "texture": "#0", "uv": [ 0.0, 0.0, 10.0, 5.0 ] },
                "east": { "texture": "#0", "uv": [ 0.0, 0.0, 10.0, 5.0 ] },
                "south": { "texture": "#0", "uv": [ 0.0, 0.0, 10.0, 5.0 ] },
                "west": { "texture": "#0", "uv": [ 0.0, 0.0, 10.0, 5.0 ] },
                "up": { "texture": "#0", "uv": [ 0.0, 0.0, 10.0, 10.0 ] },
                "down": { "texture": "#0", "uv": [ 0.0, 0.0, 10.0, 10.0 ] }
            }
        },
        {
            "name": "bottom",
            "from": [ 0.0, 0.0, 0.0 ], 
            "to": [ 16.0, 0.5000000074505806, 16.0 ], 
            "faces": {
                "north": { "texture": "#0", "uv": [ 0.0, 0.0, 16.0, 0.5000000074505806 ] },
                "east": { "texture": "#0", "uv": [ 0.0, 0.0, 16.0, 0.5000000074505806 ] },
                "south": { "texture": "#0", "uv": [ 0.0, 0.0, 16.0, 0.5000000074505806 ] },
                "west": { "texture": "#0", "uv": [ 0.0, 0.0, 16.0, 0.5000000074505806 ] },
                "up": { "texture": "#0", "uv": [ 0.0, 0.0, 16.0, 16.0 ] },
                "down": { "texture": "#0", "uv": [ 0.0, 0.0, 16.0, 16.0 ] }
            }
        },
        {
            "name": "back",
            "from": [ 0.0, 9.0, 13.0 ], 
            "to": [ 16.0, 13.0, 16.0 ], 
            "faces": {
                "north": { "texture": "#0", "uv": [ 0.0, 0.0, 16.0, 4.0 ] },
                "east": { "texture": "#0", "uv": [ 0.0, 0.0, 3.0, 4.0 ] },
                "south": { "texture": "#0", "uv": [ 0.0, 3.0, 16.0, 7.0 ] },
                "west": { "texture": "#0", "uv": [ 0.0, 0.0, 3.0, 4.0 ] },
                "up": { "texture": "#0", "uv": [ 0.0, 0.0, 16.0, 3.0 ] },
                "down": { "texture": "#0", "uv": [ 0.0, 0.0, 16.0, 3.0 ] }
            }
        },
        {
            "name": "v1",
            "from": [ 1.0000000149011612, 0.5000000074505806, 15.399999991059303 ], 
            "to": [ 1.0000000149011612, 10.0, 15.899999983608723 ], 
            "faces": {
                "north": { "texture": "#1", "uv": [ 4.0, 2.0, 4.0, 11.49999999254942 ] },
                "east": { "texture": "#1", "uv": [ 6.0, 2.0, 6.499999992549419, 11.49999999254942 ] },
                "south": { "texture": "#1", "uv": [ 3.0, 2.0, 3.0, 11.49999999254942 ] },
                "west": { "texture": "#1", "uv": [ 3.0, 2.0, 3.4999999925494194, 11.49999999254942 ] },
                "up": { "texture": "#1", "uv": [ 0.0, 0.0, 0.0, 0.4999999925494194 ] },
                "down": { "texture": "#1", "uv": [ 0.0, 0.0, 0.0, 0.4999999925494194 ] }
            }
        },
        {
            "name": "v2",
            "from": [ 2.000000014901161, 0.5000000074505806, 0.0 ], 
            "to": [ 2.000000014901161, 13.0, 0.4999999925494194 ], 
            "faces": {
                "north": { "texture": "#1", "uv": [ 4.0, 2.0, 4.0, 14.49999999254942 ] },
                "east": { "texture": "#1", "uv": [ 6.0, 2.0, 6.499999992549419, 14.49999999254942 ] },
                "south": { "texture": "#1", "uv": [ 3.0, 2.0, 3.0, 14.49999999254942 ] },
                "west": { "texture": "#1", "uv": [ 3.0, 2.0, 3.4999999925494194, 14.49999999254942 ] },
                "up": { "texture": "#1", "uv": [ 0.0, 0.0, 0.0, 0.4999999925494194 ] },
                "down": { "texture": "#1", "uv": [ 0.0, 0.0, 0.0, 0.4999999925494194 ] }
            }
        },
        {
            "name": "v3",
            "from": [ 3.000000014901161, 0.5000000074505806, 0.0 ], 
            "to": [ 3.000000014901161, 13.0, 0.4999999925494194 ], 
            "faces": {
                "north": { "texture": "#1", "uv": [ 4.0, 2.0, 4.0, 14.49999999254942 ] },
                "east": { "texture": "#1", "uv": [ 6.0, 2.0, 6.499999992549419, 14.49999999254942 ] },
                "south": { "texture": "#1", "uv": [ 3.0, 2.0, 3.0, 14.49999999254942 ] },
                "west": { "texture": "#1", "uv": [ 3.0, 2.0, 3.4999999925494194, 14.49999999254942 ] },
                "up": { "texture": "#1", "uv": [ 0.0, 0.0, 0.0, 0.4999999925494194 ] },
                "down": { "texture": "#1", "uv": [ 0.0, 0.0, 0.0, 0.4999999925494194 ] }
            }
        },
        {
            "name": "Cube",
            "from": [ 4.000000014901161, 0.5000000074505806, 0.0 ], 
            "to": [ 4.000000014901161, 13.0, 0.4999999925494194 ], 
            "faces": {
                "north": { "texture": "#1", "uv": [ 4.0, 2.0, 4.0, 14.49999999254942 ] },
                "east": { "texture": "#1", "uv": [ 6.0, 2.0, 6.499999992549419, 14.49999999254942 ] },
                "south": { "texture": "#1", "uv": [ 3.0, 2.0, 3.0, 14.49999999254942 ] },
                "west": { "texture": "#1", "uv": [ 3.0, 2.0, 3.4999999925494194, 14.49999999254942 ] },
                "up": { "texture": "#1", "uv": [ 0.0, 0.0, 0.0, 0.4999999925494194 ] },
                "down": { "texture": "#1", "uv": [ 0.0, 0.0, 0.0, 0.4999999925494194 ] }
            }
        },
        {
            "name": "Cube",
            "from": [ 5.000000014901161, 0.5000000074505806, 0.0 ], 
            "to": [ 5.000000014901161, 13.0, 0.4999999925494194 ], 
            "faces": {
                "north": { "texture": "#1", "uv": [ 4.0, 2.0, 4.0, 14.49999999254942 ] },
                "east": { "texture": "#1", "uv": [ 6.0, 2.0, 6.499999992549419, 14.49999999254942 ] },
                "south": { "texture": "#1", "uv": [ 3.0, 2.0, 3.0, 14.49999999254942 ] },
                "west": { "texture": "#1", "uv": [ 3.0, 2.0, 3.4999999925494194, 14.49999999254942 ] },
                "up": { "texture": "#1", "uv": [ 0.0, 0.0, 0.0, 0.4999999925494194 ] },
                "down": { "texture": "#1", "uv": [ 0.0, 0.0, 0.0, 0.4999999925494194 ] }
            }
        },
        {
            "name": "Cube",
            "from": [ 6.000000014901161, 0.5000000074505806, 0.0 ], 
            "to": [ 6.000000014901161, 13.0, 0.4999999925494194 ], 
            "faces": {
                "north": { "texture": "#1", "uv": [ 4.0, 2.0, 4.0, 14.49999999254942 ] },
                "east": { "texture": "#1", "uv": [ 6.0, 2.0, 6.499999992549419, 14.49999999254942 ] },
                "south": { "texture": "#1", "uv": [ 3.0, 2.0, 3.0, 14.49999999254942 ] },
                "west": { "texture": "#1", "uv": [ 3.0, 2.0, 3.4999999925494194, 14.49999999254942 ] },
                "up": { "texture": "#1", "uv": [ 0.0, 0.0, 0.0, 0.4999999925494194 ] },
                "down": { "texture": "#1", "uv": [ 0.0, 0.0, 0.0, 0.4999999925494194 ] }
            }
        },
        {
            "name": "Cube",
            "from": [ 7.000000014901161, 0.5000000074505806, 0.0 ], 
            "to": [ 7.000000014901161, 13.0, 0.4999999925494194 ], 
            "faces": {
                "north": { "texture": "#1", "uv": [ 4.0, 2.0, 4.0, 14.49999999254942 ] },
                "east": { "texture": "#1", "uv": [ 6.0, 2.0, 6.499999992549419, 14.49999999254942 ] },
                "south": { "texture": "#1", "uv": [ 3.0, 2.0, 3.0, 14.49999999254942 ] },
                "west": { "texture": "#1", "uv": [ 3.0, 2.0, 3.4999999925494194, 14.49999999254942 ] },
                "up": { "texture": "#1", "uv": [ 0.0, 0.0, 0.0, 0.4999999925494194 ] },
                "down": { "texture": "#1", "uv": [ 0.0, 0.0, 0.0, 0.4999999925494194 ] }
            }
        },
        {
            "name": "Cube",
            "from": [ 8.000000014901161, 0.5000000074505806, 0.0 ], 
            "to": [ 8.000000014901161, 13.0, 0.4999999925494194 ], 
            "faces": {
                "north": { "texture": "#1", "uv": [ 4.0, 2.0, 4.0, 14.49999999254942 ] },
                "east": { "texture": "#1", "uv": [ 6.0, 2.0, 6.499999992549419, 14.49999999254942 ] },
                "south": { "texture": "#1", "uv": [ 3.0, 2.0, 3.0, 14.49999999254942 ] },
                "west": { "texture": "#1", "uv": [ 3.0, 2.0, 3.4999999925494194, 14.49999999254942 ] },
                "up": { "texture": "#1", "uv": [ 0.0, 0.0, 0.0, 0.4999999925494194 ] },
                "down": { "texture": "#1", "uv": [ 0.0, 0.0, 0.0, 0.4999999925494194 ] }
            }
        },
        {
            "name": "Cube",
            "from": [ 9.000000014901161, 0.5000000074505806, 0.0 ], 
            "to": [ 9.000000014901161, 13.0, 0.4999999925494194 ], 
            "faces": {
                "north": { "texture": "#1", "uv": [ 4.0, 2.0, 4.0, 14.49999999254942 ] },
                "east": { "texture": "#1", "uv": [ 6.0, 2.0, 6.499999992549419, 14.49999999254942 ] },
                "south": { "texture": "#1", "uv": [ 3.0, 2.0, 3.0, 14.49999999254942 ] },
                "west": { "texture": "#1", "uv": [ 3.0, 2.0, 3.4999999925494194, 14.49999999254942 ] },
                "up": { "texture": "#1", "uv": [ 0.0, 0.0, 0.0, 0.4999999925494194 ] },
                "down": { "texture": "#1", "uv": [ 0.0, 0.0, 0.0, 0.4999999925494194 ] }
            }
        },
        {
            "name": "Cube",
            "from": [ 10.000000014901161, 0.5000000074505806, 0.0 ], 
            "to": [ 10.000000014901161, 13.0, 0.4999999925494194 ], 
            "faces": {
                "north": { "texture": "#1", "uv": [ 4.0, 2.0, 4.0, 14.49999999254942 ] },
                "east": { "texture": "#1", "uv": [ 6.0, 2.0, 6.499999992549419, 14.49999999254942 ] },
                "south": { "texture": "#1", "uv": [ 3.0, 2.0, 3.0, 14.49999999254942 ] },
                "west": { "texture": "#1", "uv": [ 3.0, 2.0, 3.4999999925494194, 14.49999999254942 ] },
                "up": { "texture": "#1", "uv": [ 0.0, 0.0, 0.0, 0.4999999925494194 ] },
                "down": { "texture": "#1", "uv": [ 0.0, 0.0, 0.0, 0.4999999925494194 ] }
            }
        },
        {
            "name": "Cube",
            "from": [ 11.000000014901161, 0.5000000074505806, 0.0 ], 
            "to": [ 11.000000014901161, 13.0, 0.4999999925494194 ], 
            "faces": {
                "north": { "texture": "#1", "uv": [ 4.0, 2.0, 4.0, 14.49999999254942 ] },
                "east": { "texture": "#1", "uv": [ 6.0, 2.0, 6.499999992549419, 14.49999999254942 ] },
                "south": { "texture": "#1", "uv": [ 3.0, 2.0, 3.0, 14.49999999254942 ] },
                "west": { "texture": "#1", "uv": [ 3.0, 2.0, 3.4999999925494194, 14.49999999254942 ] },
                "up": { "texture": "#1", "uv": [ 0.0, 0.0, 0.0, 0.4999999925494194 ] },
                "down": { "texture": "#1", "uv": [ 0.0, 0.0, 0.0, 0.4999999925494194 ] }
            }
        },
        {
            "name": "Cube",
            "from": [ 12.000000014901161, 0.5000000074505806, 0.0 ], 
            "to": [ 12.000000014901161, 13.0, 0.4999999925494194 ], 
            "faces": {
                "north": { "texture": "#1", "uv": [ 4.0, 2.0, 4.0, 14.49999999254942 ] },
                "east": { "texture": "#1", "uv": [ 6.0, 2.0, 6.499999992549419, 14.49999999254942 ] },
                "south": { "texture": "#1", "uv": [ 3.0, 2.0, 3.0, 14.49999999254942 ] },
                "west": { "texture": "#1", "uv": [ 3.0, 2.0, 3.4999999925494194, 14.49999999254942 ] },
                "up": { "texture": "#1", "uv": [ 0.0, 0.0, 0.0, 0.4999999925494194 ] },
                "down": { "texture": "#1", "uv": [ 0.0, 0.0, 0.0, 0.4999999925494194 ] }
            }
        },
        {
            "name": "Cube",
            "from": [ 13.000000014901161, 0.5000000074505806, 0.0 ], 
            "to": [ 13.000000014901161, 13.0, 0.4999999925494194 ], 
            "faces": {
                "north": { "texture": "#1", "uv": [ 4.0, 2.0, 4.0, 14.49999999254942 ] },
                "east": { "texture": "#1", "uv": [ 6.0, 2.0, 6.499999992549419, 14.49999999254942 ] },
                "south": { "texture": "#1", "uv": [ 3.0, 2.0, 3.0, 14.49999999254942 ] },
                "west": { "texture": "#1", "uv": [ 3.0, 2.0, 3.4999999925494194, 14.49999999254942 ] },
                "up": { "texture": "#1", "uv": [ 0.0, 0.0, 0.0, 0.4999999925494194 ] },
                "down": { "texture": "#1", "uv": [ 0.0, 0.0, 0.0, 0.4999999925494194 ] }
            }
        },
        {
            "name": "Cube",
            "from": [ 14.000000014901161, 0.5000000074505806, 0.0 ], 
            "to": [ 14.000000014901161, 13.0, 0.4999999925494194 ], 
            "faces": {
                "north": { "texture": "#1", "uv": [ 4.0, 2.0, 4.0, 14.49999999254942 ] },
                "east": { "texture": "#1", "uv": [ 6.0, 2.0, 6.499999992549419, 14.49999999254942 ] },
                "south": { "texture": "#1", "uv": [ 3.0, 2.0, 3.0, 14.49999999254942 ] },
                "west": { "texture": "#1", "uv": [ 3.0, 2.0, 3.4999999925494194, 14.49999999254942 ] },
                "up": { "texture": "#1", "uv": [ 0.0, 0.0, 0.0, 0.4999999925494194 ] },
                "down": { "texture": "#1", "uv": [ 0.0, 0.0, 0.0, 0.4999999925494194 ] }
            }
        },
        {
            "name": "Cube",
            "from": [ 15.000000014901161, 0.5000000074505806, 0.0 ], 
            "to": [ 15.000000014901161, 13.0, 0.4999999925494194 ], 
            "faces": {
                "north": { "texture": "#1", "uv": [ 4.0, 2.0, 4.0, 14.49999999254942 ] },
                "east": { "texture": "#1", "uv": [ 4.5, 2.0, 4.0, 14.49999999254942 ] },
                "south": { "texture": "#1", "uv": [ 8.0, 1.0, 8.0, 13.49999999254942 ] },
                "west": { "texture": "#1", "uv": [ 3.0, 2.0, 3.4999999925494194, 14.49999999254942 ] },
                "up": { "texture": "#1", "uv": [ 0.0, 0.0, 0.0, 0.4999999925494194 ] },
                "down": { "texture": "#1", "uv": [ 0.0, 0.0, 0.0, 0.4999999925494194 ] }
            }
        },
        {
            "name": "Cube",
            "from": [ 1.0000000149011612, 0.5000000074505806, 0.0 ], 
            "to": [ 1.0000000149011612, 13.0, 0.4999999925494194 ], 
            "faces": {
                "north": { "texture": "#1", "uv": [ 4.0, 2.0, 4.0, 14.49999999254942 ] },
                "east": { "texture": "#1", "uv": [ 6.0, 2.0, 6.499999992549419, 14.49999999254942 ] },
                "south": { "texture": "#1", "uv": [ 3.0, 2.0, 3.0, 14.49999999254942 ] },
                "west": { "texture": "#1", "uv": [ 3.0, 2.0, 3.4999999925494194, 14.49999999254942 ] },
                "up": { "texture": "#1", "uv": [ 0.0, 0.0, 0.0, 0.4999999925494194 ] },
                "down": { "texture": "#1", "uv": [ 0.0, 0.0, 0.0, 0.4999999925494194 ] }
            }
        },
        {
            "name": "Cube",
            "from": [ 2.000000014901161, 0.5000000074505806, 15.399999991059303 ], 
            "to": [ 2.000000014901161, 10.0, 15.899999983608723 ], 
            "faces": {
                "north": { "texture": "#1", "uv": [ 4.0, 2.0, 4.0, 11.49999999254942 ] },
                "east": { "texture": "#1", "uv": [ 6.0, 2.0, 6.499999992549419, 11.49999999254942 ] },
                "south": { "texture": "#1", "uv": [ 3.0, 2.0, 3.0, 11.49999999254942 ] },
                "west": { "texture": "#1", "uv": [ 3.0, 2.0, 3.4999999925494194, 11.49999999254942 ] },
                "up": { "texture": "#1", "uv": [ 0.0, 0.0, 0.0, 0.4999999925494194 ] },
                "down": { "texture": "#1", "uv": [ 0.0, 0.0, 0.0, 0.4999999925494194 ] }
            }
        },
        {
            "name": "Cube",
            "from": [ 3.000000014901161, 0.5000000074505806, 15.399999991059303 ], 
            "to": [ 3.000000014901161, 10.0, 15.899999983608723 ], 
            "faces": {
                "north": { "texture": "#1", "uv": [ 4.0, 2.0, 4.0, 11.49999999254942 ] },
                "east": { "texture": "#1", "uv": [ 6.0, 2.0, 6.499999992549419, 11.49999999254942 ] },
                "south": { "texture": "#1", "uv": [ 3.0, 2.0, 3.0, 11.49999999254942 ] },
                "west": { "texture": "#1", "uv": [ 3.0, 2.0, 3.4999999925494194, 11.49999999254942 ] },
                "up": { "texture": "#1", "uv": [ 0.0, 0.0, 0.0, 0.4999999925494194 ] },
                "down": { "texture": "#1", "uv": [ 0.0, 0.0, 0.0, 0.4999999925494194 ] }
            }
        },
        {
            "name": "Cube",
            "from": [ 4.000000014901161, 0.5000000074505806, 15.399999991059303 ], 
            "to": [ 4.000000014901161, 10.0, 15.899999983608723 ], 
            "faces": {
                "north": { "texture": "#1", "uv": [ 4.0, 2.0, 4.0, 11.49999999254942 ] },
                "east": { "texture": "#1", "uv": [ 6.0, 2.0, 6.499999992549419, 11.49999999254942 ] },
                "south": { "texture": "#1", "uv": [ 3.0, 2.0, 3.0, 11.49999999254942 ] },
                "west": { "texture": "#1", "uv": [ 3.0, 2.0, 3.4999999925494194, 11.49999999254942 ] },
                "up": { "texture": "#1", "uv": [ 0.0, 0.0, 0.0, 0.4999999925494194 ] },
                "down": { "texture": "#1", "uv": [ 0.0, 0.0, 0.0, 0.4999999925494194 ] }
            }
        },
        {
            "name": "Cube",
            "from": [ 5.000000014901161, 0.5000000074505806, 15.399999991059303 ], 
            "to": [ 5.000000014901161, 10.0, 15.899999983608723 ], 
            "faces": {
                "north": { "texture": "#1", "uv": [ 4.0, 2.0, 4.0, 11.49999999254942 ] },
                "east": { "texture": "#1", "uv": [ 6.0, 2.0, 6.499999992549419, 11.49999999254942 ] },
                "south": { "texture": "#1", "uv": [ 3.0, 2.0, 3.0, 11.49999999254942 ] },
                "west": { "texture": "#1", "uv": [ 3.0, 2.0, 3.4999999925494194, 11.49999999254942 ] },
                "up": { "texture": "#1", "uv": [ 0.0, 0.0, 0.0, 0.4999999925494194 ] },
                "down": { "texture": "#1", "uv": [ 0.0, 0.0, 0.0, 0.4999999925494194 ] }
            }
        },
        {
            "name": "Cube",
            "from": [ 6.000000014901161, 0.5000000074505806, 15.399999991059303 ], 
            "to": [ 6.000000014901161, 10.0, 15.899999983608723 ], 
            "faces": {
                "north": { "texture": "#1", "uv": [ 4.0, 2.0, 4.0, 11.49999999254942 ] },
                "east": { "texture": "#1", "uv": [ 6.0, 2.0, 6.499999992549419, 11.49999999254942 ] },
                "south": { "texture": "#1", "uv": [ 3.0, 2.0, 3.0, 11.49999999254942 ] },
                "west": { "texture": "#1", "uv": [ 3.0, 2.0, 3.4999999925494194, 11.49999999254942 ] },
                "up": { "texture": "#1", "uv": [ 0.0, 0.0, 0.0, 0.4999999925494194 ] },
                "down": { "texture": "#1", "uv": [ 0.0, 0.0, 0.0, 0.4999999925494194 ] }
            }
        },
        {
            "name": "Cube",
            "from": [ 7.000000014901161, 0.5000000074505806, 15.399999991059303 ], 
            "to": [ 7.000000014901161, 10.0, 15.899999983608723 ], 
            "faces": {
                "north": { "texture": "#1", "uv": [ 4.0, 2.0, 4.0, 11.49999999254942 ] },
                "east": { "texture": "#1", "uv": [ 6.0, 2.0, 6.499999992549419, 11.49999999254942 ] },
                "south": { "texture": "#1", "uv": [ 3.0, 2.0, 3.0, 11.49999999254942 ] },
                "west": { "texture": "#1", "uv": [ 3.0, 2.0, 3.4999999925494194, 11.49999999254942 ] },
                "up": { "texture": "#1", "uv": [ 0.0, 0.0, 0.0, 0.4999999925494194 ] },
                "down": { "texture": "#1", "uv": [ 0.0, 0.0, 0.0, 0.4999999925494194 ] }
            }
        },
        {
            "name": "Cube",
            "from": [ 8.000000014901161, 0.5000000074505806, 15.399999991059303 ], 
            "to": [ 8.000000014901161, 10.0, 15.899999983608723 ], 
            "faces": {
                "north": { "texture": "#1", "uv": [ 4.0, 2.0, 4.0, 11.49999999254942 ] },
                "east": { "texture": "#1", "uv": [ 6.0, 2.0, 6.499999992549419, 11.49999999254942 ] },
                "south": { "texture": "#1", "uv": [ 3.0, 2.0, 3.0, 11.49999999254942 ] },
                "west": { "texture": "#1", "uv": [ 3.0, 2.0, 3.4999999925494194, 11.49999999254942 ] },
                "up": { "texture": "#1", "uv": [ 0.0, 0.0, 0.0, 0.4999999925494194 ] },
                "down": { "texture": "#1", "uv": [ 0.0, 0.0, 0.0, 0.4999999925494194 ] }
            }
        },
        {
            "name": "Cube",
            "from": [ 8.000000014901161, 0.5000000074505806, 15.399999991059303 ], 
            "to": [ 8.000000014901161, 10.0, 15.899999983608723 ], 
            "faces": {
                "north": { "texture": "#1", "uv": [ 4.0, 2.0, 4.0, 11.49999999254942 ] },
                "east": { "texture": "#1", "uv": [ 6.0, 2.0, 6.499999992549419, 11.49999999254942 ] },
                "south": { "texture": "#1", "uv": [ 3.0, 2.0, 3.0, 11.49999999254942 ] },
                "west": { "texture": "#1", "uv": [ 3.0, 2.0, 3.4999999925494194, 11.49999999254942 ] },
                "up": { "texture": "#1", "uv": [ 0.0, 0.0, 0.0, 0.4999999925494194 ] },
                "down": { "texture": "#1", "uv": [ 0.0, 0.0, 0.0, 0.4999999925494194 ] }
            }
        },
        {
            "name": "Cube",
            "from": [ 9.000000014901161, 0.5000000074505806, 15.399999991059303 ], 
            "to": [ 9.000000014901161, 10.0, 15.899999983608723 ], 
            "faces": {
                "north": { "texture": "#1", "uv": [ 4.0, 2.0, 4.0, 11.49999999254942 ] },
                "east": { "texture": "#1", "uv": [ 6.0, 2.0, 6.499999992549419, 11.49999999254942 ] },
                "south": { "texture": "#1", "uv": [ 3.0, 2.0, 3.0, 11.49999999254942 ] },
                "west": { "texture": "#1", "uv": [ 3.0, 2.0, 3.4999999925494194, 11.49999999254942 ] },
                "up": { "texture": "#1", "uv": [ 0.0, 0.0, 0.0, 0.4999999925494194 ] },
                "down": { "texture": "#1", "uv": [ 0.0, 0.0, 0.0, 0.4999999925494194 ] }
            }
        },
        {
            "name": "Cube",
            "from": [ 10.000000014901161, 0.5000000074505806, 15.399999991059303 ], 
            "to": [ 10.000000014901161, 10.0, 15.899999983608723 ], 
            "faces": {
                "north": { "texture": "#1", "uv": [ 4.0, 2.0, 4.0, 11.49999999254942 ] },
                "east": { "texture": "#1", "uv": [ 6.0, 2.0, 6.499999992549419, 11.49999999254942 ] },
                "south": { "texture": "#1", "uv": [ 3.0, 2.0, 3.0, 11.49999999254942 ] },
                "west": { "texture": "#1", "uv": [ 3.0, 2.0, 3.4999999925494194, 11.49999999254942 ] },
                "up": { "texture": "#1", "uv": [ 0.0, 0.0, 0.0, 0.4999999925494194 ] },
                "down": { "texture": "#1", "uv": [ 0.0, 0.0, 0.0, 0.4999999925494194 ] }
            }
        },
        {
            "name": "Cube",
            "from": [ 11.000000014901161, 0.5000000074505806, 15.399999991059303 ], 
            "to": [ 11.000000014901161, 10.0, 15.899999983608723 ], 
            "faces": {
                "north": { "texture": "#1", "uv": [ 4.0, 2.0, 4.0, 11.49999999254942 ] },
                "east": { "texture": "#1", "uv": [ 6.0, 2.0, 6.499999992549419, 11.49999999254942 ] },
                "south": { "texture": "#1", "uv": [ 3.0, 2.0, 3.0, 11.49999999254942 ] },
                "west": { "texture": "#1", "uv": [ 3.0, 2.0, 3.4999999925494194, 11.49999999254942 ] },
                "up": { "texture": "#1", "uv": [ 0.0, 0.0, 0.0, 0.4999999925494194 ] },
                "down": { "texture": "#1", "uv": [ 0.0, 0.0, 0.0, 0.4999999925494194 ] }
            }
        },
        {
            "name": "Cube",
            "from": [ 12.000000014901161, 0.5000000074505806, 15.399999991059303 ], 
            "to": [ 12.000000014901161, 10.0, 15.899999983608723 ], 
            "faces": {
                "north": { "texture": "#1", "uv": [ 4.0, 2.0, 4.0, 11.49999999254942 ] },
                "east": { "texture": "#1", "uv": [ 6.0, 2.0, 6.499999992549419, 11.49999999254942 ] },
                "south": { "texture": "#1", "uv": [ 3.0, 2.0, 3.0, 11.49999999254942 ] },
                "west": { "texture": "#1", "uv": [ 3.0, 2.0, 3.4999999925494194, 11.49999999254942 ] },
                "up": { "texture": "#1", "uv": [ 0.0, 0.0, 0.0, 0.4999999925494194 ] },
                "down": { "texture": "#1", "uv": [ 0.0, 0.0, 0.0, 0.4999999925494194 ] }
            }
        },
        {
            "name": "Cube",
            "from": [ 13.000000014901161, 0.5000000074505806, 15.399999991059303 ], 
            "to": [ 13.000000014901161, 10.0, 15.899999983608723 ], 
            "faces": {
                "north": { "texture": "#1", "uv": [ 4.0, 2.0, 4.0, 11.49999999254942 ] },
                "east": { "texture": "#1", "uv": [ 6.0, 2.0, 6.499999992549419, 11.49999999254942 ] },
                "south": { "texture": "#1", "uv": [ 3.0, 2.0, 3.0, 11.49999999254942 ] },
                "west": { "texture": "#1", "uv": [ 3.0, 2.0, 3.4999999925494194, 11.49999999254942 ] },
                "up": { "texture": "#1", "uv": [ 0.0, 0.0, 0.0, 0.4999999925494194 ] },
                "down": { "texture": "#1", "uv": [ 0.0, 0.0, 0.0, 0.4999999925494194 ] }
            }
        },
        {
            "name": "Cube",
            "from": [ 14.000000014901161, 0.5000000074505806, 15.399999991059303 ], 
            "to": [ 14.000000014901161, 10.0, 15.899999983608723 ], 
            "faces": {
                "north": { "texture": "#1", "uv": [ 4.0, 2.0, 4.0, 11.49999999254942 ] },
                "east": { "texture": "#1", "uv": [ 6.0, 2.0, 6.499999992549419, 11.49999999254942 ] },
                "south": { "texture": "#1", "uv": [ 3.0, 2.0, 3.0, 11.49999999254942 ] },
                "west": { "texture": "#1", "uv": [ 3.0, 2.0, 3.4999999925494194, 11.49999999254942 ] },
                "up": { "texture": "#1", "uv": [ 0.0, 0.0, 0.0, 0.4999999925494194 ] },
                "down": { "texture": "#1", "uv": [ 0.0, 0.0, 0.0, 0.4999999925494194 ] }
            }
        },
        {
            "name": "Cube",
            "from": [ 15.000000014901161, 0.5000000074505806, 15.399999991059303 ], 
            "to": [ 15.000000014901161, 10.0, 15.899999983608723 ], 
            "faces": {
                "north": { "texture": "#1", "uv": [ 4.0, 2.0, 4.0, 11.49999999254942 ] },
                "east": { "texture": "#1", "uv": [ 6.0, 2.0, 6.499999992549419, 11.49999999254942 ] },
                "south": { "texture": "#1", "uv": [ 3.0, 2.0, 3.0, 11.49999999254942 ] },
                "west": { "texture": "#1", "uv": [ 3.0, 2.0, 3.4999999925494194, 11.49999999254942 ] },
                "up": { "texture": "#1", "uv": [ 0.0, 0.0, 0.0, 0.4999999925494194 ] },
                "down": { "texture": "#1", "uv": [ 0.0, 0.0, 0.0, 0.4999999925494194 ] }
            }
        },
        {
            "name": "vx",
            "from": [ 15.400000005960464, 0.5000000074505806, 14.999999985098839 ], 
            "to": [ 15.900000005960464, 10.0, 14.999999985098839 ], 
            "faces": {
                "north": { "texture": "#1", "uv": [ 4.0, 2.0, 4.5, 11.49999999254942 ] },
                "east": { "texture": "#1", "uv": [ 6.0, 2.0, 6.0, 11.49999999254942 ] },
                "south": { "texture": "#1", "uv": [ 3.0, 2.0, 3.5, 11.49999999254942 ] },
                "west": { "texture": "#1", "uv": [ 3.0, 2.0, 3.0, 11.49999999254942 ] },
                "up": { "texture": "#1", "uv": [ 0.0, 0.0, 0.5, 0.0 ] },
                "down": { "texture": "#1", "uv": [ 0.0, 0.0, 0.5, 0.0 ] }
            }
        },
        {
            "name": "Cube",
            "from": [ 15.400000005960464, 0.5000000074505806, 13.999999985098839 ], 
            "to": [ 15.900000005960464, 15.0, 13.999999985098839 ], 
            "faces": {
                "north": { "texture": "#1", "uv": [ 4.0, 2.0, 4.5, 16.49999999254942 ] },
                "east": { "texture": "#1", "uv": [ 6.0, 2.0, 6.0, 16.49999999254942 ] },
                "south": { "texture": "#1", "uv": [ 3.0, 2.0, 3.5, 16.49999999254942 ] },
                "west": { "texture": "#1", "uv": [ 3.0, 2.0, 3.0, 16.49999999254942 ] },
                "up": { "texture": "#1", "uv": [ 0.0, 0.0, 0.5, 0.0 ] },
                "down": { "texture": "#1", "uv": [ 0.0, 0.0, 0.5, 0.0 ] }
            }
        },
        {
            "name": "Cube",
            "from": [ 15.400000005960464, 0.5000000074505806, 12.999999985098839 ], 
            "to": [ 15.900000005960464, 10.0, 12.999999985098839 ], 
            "faces": {
                "north": { "texture": "#1", "uv": [ 4.0, 2.0, 4.5, 11.49999999254942 ] },
                "east": { "texture": "#1", "uv": [ 6.0, 2.0, 6.0, 11.49999999254942 ] },
                "south": { "texture": "#1", "uv": [ 3.0, 2.0, 3.5, 11.49999999254942 ] },
                "west": { "texture": "#1", "uv": [ 3.0, 2.0, 3.0, 11.49999999254942 ] },
                "up": { "texture": "#1", "uv": [ 0.0, 0.0, 0.5, 0.0 ] },
                "down": { "texture": "#1", "uv": [ 0.0, 0.0, 0.5, 0.0 ] }
            }
        },
        {
            "name": "Cube",
            "from": [ 15.400000005960464, 0.5000000074505806, 11.999999985098839 ], 
            "to": [ 15.900000005960464, 14.0, 11.999999985098839 ], 
            "faces": {
                "north": { "texture": "#1", "uv": [ 4.0, 2.0, 4.5, 15.49999999254942 ] },
                "east": { "texture": "#1", "uv": [ 6.0, 2.0, 6.0, 15.49999999254942 ] },
                "south": { "texture": "#1", "uv": [ 3.0, 2.0, 3.5, 15.49999999254942 ] },
                "west": { "texture": "#1", "uv": [ 3.0, 2.0, 3.0, 15.49999999254942 ] },
                "up": { "texture": "#1", "uv": [ 0.0, 0.0, 0.5, 0.0 ] },
                "down": { "texture": "#1", "uv": [ 0.0, 0.0, 0.5, 0.0 ] }
            }
        },
        {
            "name": "Cube",
            "from": [ 15.400000005960464, 0.5000000074505806, 10.999999985098839 ], 
            "to": [ 15.900000005960464, 14.0, 10.999999985098839 ], 
            "faces": {
                "north": { "texture": "#1", "uv": [ 4.0, 2.0, 4.5, 15.49999999254942 ] },
                "east": { "texture": "#1", "uv": [ 6.0, 2.0, 6.0, 15.49999999254942 ] },
                "south": { "texture": "#1", "uv": [ 3.0, 2.0, 3.5, 15.49999999254942 ] },
                "west": { "texture": "#1", "uv": [ 3.0, 2.0, 3.0, 15.49999999254942 ] },
                "up": { "texture": "#1", "uv": [ 0.0, 0.0, 0.5, 0.0 ] },
                "down": { "texture": "#1", "uv": [ 0.0, 0.0, 0.5, 0.0 ] }
            }
        },
        {
            "name": "Cube",
            "from": [ 15.400000005960464, 0.5000000074505806, 9.999999985098839 ], 
            "to": [ 15.900000005960464, 14.0, 9.999999985098839 ], 
            "faces": {
                "north": { "texture": "#1", "uv": [ 4.0, 2.0, 4.5, 15.49999999254942 ] },
                "east": { "texture": "#1", "uv": [ 6.0, 2.0, 6.0, 15.49999999254942 ] },
                "south": { "texture": "#1", "uv": [ 3.0, 2.0, 3.5, 15.49999999254942 ] },
                "west": { "texture": "#1", "uv": [ 3.0, 2.0, 3.0, 15.49999999254942 ] },
                "up": { "texture": "#1", "uv": [ 0.0, 0.0, 0.5, 0.0 ] },
                "down": { "texture": "#1", "uv": [ 0.0, 0.0, 0.5, 0.0 ] }
            }
        },
        {
            "name": "Cube",
            "from": [ 15.400000005960464, 0.5000000074505806, 8.999999985098839 ], 
            "to": [ 15.900000005960464, 14.0, 8.999999985098839 ], 
            "faces": {
                "north": { "texture": "#1", "uv": [ 4.0, 2.0, 4.5, 15.49999999254942 ] },
                "east": { "texture": "#1", "uv": [ 6.0, 2.0, 6.0, 15.49999999254942 ] },
                "south": { "texture": "#1", "uv": [ 3.0, 2.0, 3.5, 15.49999999254942 ] },
                "west": { "texture": "#1", "uv": [ 3.0, 2.0, 3.0, 15.49999999254942 ] },
                "up": { "texture": "#1", "uv": [ 0.0, 0.0, 0.5, 0.0 ] },
                "down": { "texture": "#1", "uv": [ 0.0, 0.0, 0.5, 0.0 ] }
            }
        },
        {
            "name": "Cube",
            "from": [ 15.400000005960464, 0.5000000074505806, 7.999999985098839 ], 
            "to": [ 15.900000005960464, 14.0, 7.999999985098839 ], 
            "faces": {
                "north": { "texture": "#1", "uv": [ 4.0, 2.0, 4.5, 15.49999999254942 ] },
                "east": { "texture": "#1", "uv": [ 6.0, 2.0, 6.0, 15.49999999254942 ] },
                "south": { "texture": "#1", "uv": [ 3.0, 2.0, 3.5, 15.49999999254942 ] },
                "west": { "texture": "#1", "uv": [ 3.0, 2.0, 3.0, 15.49999999254942 ] },
                "up": { "texture": "#1", "uv": [ 0.0, 0.0, 0.5, 0.0 ] },
                "down": { "texture": "#1", "uv": [ 0.0, 0.0, 0.5, 0.0 ] }
            }
        },
        {
            "name": "Cube",
            "from": [ 15.400000005960464, 0.5000000074505806, 6.999999985098839 ], 
            "to": [ 15.900000005960464, 14.0, 6.999999985098839 ], 
            "faces": {
                "north": { "texture": "#1", "uv": [ 4.0, 2.0, 4.5, 15.49999999254942 ] },
                "east": { "texture": "#1", "uv": [ 6.0, 2.0, 6.0, 15.49999999254942 ] },
                "south": { "texture": "#1", "uv": [ 3.0, 2.0, 3.5, 15.49999999254942 ] },
                "west": { "texture": "#1", "uv": [ 3.0, 2.0, 3.0, 15.49999999254942 ] },
                "up": { "texture": "#1", "uv": [ 0.0, 0.0, 0.5, 0.0 ] },
                "down": { "texture": "#1", "uv": [ 0.0, 0.0, 0.5, 0.0 ] }
            }
        },
        {
            "name": "Cube",
            "from": [ 15.400000005960464, 0.5000000074505806, 5.999999985098839 ], 
            "to": [ 15.900000005960464, 14.0, 5.999999985098839 ], 
            "faces": {
                "north": { "texture": "#1", "uv": [ 4.0, 2.0, 4.5, 15.49999999254942 ] },
                "east": { "texture": "#1", "uv": [ 6.0, 2.0, 6.0, 15.49999999254942 ] },
                "south": { "texture": "#1", "uv": [ 3.0, 2.0, 3.5, 15.49999999254942 ] },
                "west": { "texture": "#1", "uv": [ 3.0, 2.0, 3.0, 15.49999999254942 ] },
                "up": { "texture": "#1", "uv": [ 0.0, 0.0, 0.5, 0.0 ] },
                "down": { "texture": "#1", "uv": [ 0.0, 0.0, 0.5, 0.0 ] }
            }
        },
        {
            "name": "Cube",
            "from": [ 15.400000005960464, 0.5000000074505806, 4.999999985098839 ], 
            "to": [ 15.900000005960464, 14.0, 4.999999985098839 ], 
            "faces": {
                "north": { "texture": "#1", "uv": [ 4.0, 2.0, 4.5, 15.49999999254942 ] },
                "east": { "texture": "#1", "uv": [ 6.0, 2.0, 6.0, 15.49999999254942 ] },
                "south": { "texture": "#1", "uv": [ 3.0, 2.0, 3.5, 15.49999999254942 ] },
                "west": { "texture": "#1", "uv": [ 3.0, 2.0, 3.0, 15.49999999254942 ] },
                "up": { "texture": "#1", "uv": [ 0.0, 0.0, 0.5, 0.0 ] },
                "down": { "texture": "#1", "uv": [ 0.0, 0.0, 0.5, 0.0 ] }
            }
        },
        {
            "name": "Cube",
            "from": [ 15.400000005960464, 0.5000000074505806, 3.999999985098839 ], 
            "to": [ 15.900000005960464, 14.0, 3.999999985098839 ], 
            "faces": {
                "north": { "texture": "#1", "uv": [ 4.0, 2.0, 4.5, 15.49999999254942 ] },
                "east": { "texture": "#1", "uv": [ 6.0, 2.0, 6.0, 15.49999999254942 ] },
                "south": { "texture": "#1", "uv": [ 3.0, 2.0, 3.5, 15.49999999254942 ] },
                "west": { "texture": "#1", "uv": [ 3.0, 2.0, 3.0, 15.49999999254942 ] },
                "up": { "texture": "#1", "uv": [ 0.0, 0.0, 0.5, 0.0 ] },
                "down": { "texture": "#1", "uv": [ 0.0, 0.0, 0.5, 0.0 ] }
            }
        },
        {
            "name": "Cube",
            "from": [ 15.400000005960464, 0.5000000074505806, 2.999999985098839 ], 
            "to": [ 15.900000005960464, 14.0, 2.999999985098839 ], 
            "faces": {
                "north": { "texture": "#1", "uv": [ 4.0, 2.0, 4.5, 15.49999999254942 ] },
                "east": { "texture": "#1", "uv": [ 6.0, 2.0, 6.0, 15.49999999254942 ] },
                "south": { "texture": "#1", "uv": [ 3.0, 2.0, 3.5, 15.49999999254942 ] },
                "west": { "texture": "#1", "uv": [ 3.0, 2.0, 3.0, 15.49999999254942 ] },
                "up": { "texture": "#1", "uv": [ 0.0, 0.0, 0.5, 0.0 ] },
                "down": { "texture": "#1", "uv": [ 0.0, 0.0, 0.5, 0.0 ] }
            }
        },
        {
            "name": "Cube",
            "from": [ 15.400000005960464, 0.5000000074505806, 1.9999999850988388 ], 
            "to": [ 15.900000005960464, 14.0, 1.9999999850988388 ], 
            "faces": {
                "north": { "texture": "#1", "uv": [ 4.0, 2.0, 4.5, 15.49999999254942 ] },
                "east": { "texture": "#1", "uv": [ 6.0, 2.0, 6.0, 15.49999999254942 ] },
                "south": { "texture": "#1", "uv": [ 3.0, 2.0, 3.5, 15.49999999254942 ] },
                "west": { "texture": "#1", "uv": [ 3.0, 2.0, 3.0, 15.49999999254942 ] },
                "up": { "texture": "#1", "uv": [ 0.0, 0.0, 0.5, 0.0 ] },
                "down": { "texture": "#1", "uv": [ 0.0, 0.0, 0.5, 0.0 ] }
            }
        },
        {
            "name": "Cube",
            "from": [ 15.400000005960464, 0.5000000074505806, 0.9999999850988388 ], 
            "to": [ 15.900000005960464, 14.0, 0.9999999850988388 ], 
            "faces": {
                "north": { "texture": "#1", "uv": [ 4.0, 2.0, 4.5, 15.49999999254942 ] },
                "east": { "texture": "#1", "uv": [ 6.0, 2.0, 6.0, 15.49999999254942 ] },
                "south": { "texture": "#1", "uv": [ 3.0, 2.0, 3.5, 15.49999999254942 ] },
                "west": { "texture": "#1", "uv": [ 3.0, 2.0, 3.0, 15.49999999254942 ] },
                "up": { "texture": "#1", "uv": [ 0.0, 0.0, 0.5, 0.0 ] },
                "down": { "texture": "#1", "uv": [ 0.0, 0.0, 0.5, 0.0 ] }
            }
        },
        {
            "name": "Cube",
            "from": [ 0.10000000149011612, 0.5000000074505806, 0.9999999850988388 ], 
            "to": [ 0.6000000014901161, 14.0, 0.9999999850988388 ], 
            "faces": {
                "north": { "texture": "#1", "uv": [ 4.0, 2.0, 4.5, 15.49999999254942 ] },
                "east": { "texture": "#1", "uv": [ 6.0, 2.0, 6.0, 15.49999999254942 ] },
                "south": { "texture": "#1", "uv": [ 3.0, 2.0, 3.5, 15.49999999254942 ] },
                "west": { "texture": "#1", "uv": [ 3.0, 2.0, 3.0, 15.49999999254942 ] },
                "up": { "texture": "#1", "uv": [ 0.0, 0.0, 0.5, 0.0 ] },
                "down": { "texture": "#1", "uv": [ 0.0, 0.0, 0.5, 0.0 ] }
            }
        },
        {
            "name": "Cube",
            "from": [ 0.10000000149011612, 0.5000000074505806, 1.9999999850988388 ], 
            "to": [ 0.6000000014901161, 14.0, 1.9999999850988388 ], 
            "faces": {
                "north": { "texture": "#1", "uv": [ 4.0, 2.0, 4.5, 15.49999999254942 ] },
                "east": { "texture": "#1", "uv": [ 6.0, 2.0, 6.0, 15.49999999254942 ] },
                "south": { "texture": "#1", "uv": [ 3.0, 2.0, 3.5, 15.49999999254942 ] },
                "west": { "texture": "#1", "uv": [ 3.0, 2.0, 3.0, 15.49999999254942 ] },
                "up": { "texture": "#1", "uv": [ 0.0, 0.0, 0.5, 0.0 ] },
                "down": { "texture": "#1", "uv": [ 0.0, 0.0, 0.5, 0.0 ] }
            }
        },
        {
            "name": "Cube",
            "from": [ 0.10000000149011612, 0.5000000074505806, 2.999999985098839 ], 
            "to": [ 0.6000000014901161, 14.0, 2.999999985098839 ], 
            "faces": {
                "north": { "texture": "#1", "uv": [ 4.0, 2.0, 4.5, 15.49999999254942 ] },
                "east": { "texture": "#1", "uv": [ 6.0, 2.0, 6.0, 15.49999999254942 ] },
                "south": { "texture": "#1", "uv": [ 3.0, 2.0, 3.5, 15.49999999254942 ] },
                "west": { "texture": "#1", "uv": [ 3.0, 2.0, 3.0, 15.49999999254942 ] },
                "up": { "texture": "#1", "uv": [ 0.0, 0.0, 0.5, 0.0 ] },
                "down": { "texture": "#1", "uv": [ 0.0, 0.0, 0.5, 0.0 ] }
            }
        },
        {
            "name": "Cube",
            "from": [ 0.10000000149011612, 0.5000000074505806, 3.999999985098839 ], 
            "to": [ 0.6000000014901161, 14.0, 3.999999985098839 ], 
            "faces": {
                "north": { "texture": "#1", "uv": [ 4.0, 2.0, 4.5, 15.49999999254942 ] },
                "east": { "texture": "#1", "uv": [ 6.0, 2.0, 6.0, 15.49999999254942 ] },
                "south": { "texture": "#1", "uv": [ 3.0, 2.0, 3.5, 15.49999999254942 ] },
                "west": { "texture": "#1", "uv": [ 3.0, 2.0, 3.0, 15.49999999254942 ] },
                "up": { "texture": "#1", "uv": [ 0.0, 0.0, 0.5, 0.0 ] },
                "down": { "texture": "#1", "uv": [ 0.0, 0.0, 0.5, 0.0 ] }
            }
        },
        {
            "name": "Cube",
            "from": [ 0.10000000149011612, 0.5000000074505806, 4.999999985098839 ], 
            "to": [ 0.6000000014901161, 14.0, 4.999999985098839 ], 
            "faces": {
                "north": { "texture": "#1", "uv": [ 4.0, 2.0, 4.5, 15.49999999254942 ] },
                "east": { "texture": "#1", "uv": [ 6.0, 2.0, 6.0, 15.49999999254942 ] },
                "south": { "texture": "#1", "uv": [ 3.0, 2.0, 3.5, 15.49999999254942 ] },
                "west": { "texture": "#1", "uv": [ 3.0, 2.0, 3.0, 15.49999999254942 ] },
                "up": { "texture": "#1", "uv": [ 0.0, 0.0, 0.5, 0.0 ] },
                "down": { "texture": "#1", "uv": [ 0.0, 0.0, 0.5, 0.0 ] }
            }
        },
        {
            "name": "Cube",
            "from": [ 0.10000000149011612, 0.5000000074505806, 5.999999985098839 ], 
            "to": [ 0.6000000014901161, 14.0, 5.999999985098839 ], 
            "faces": {
                "north": { "texture": "#1", "uv": [ 4.0, 2.0, 4.5, 15.49999999254942 ] },
                "east": { "texture": "#1", "uv": [ 6.0, 2.0, 6.0, 15.49999999254942 ] },
                "south": { "texture": "#1", "uv": [ 3.0, 2.0, 3.5, 15.49999999254942 ] },
                "west": { "texture": "#1", "uv": [ 3.0, 2.0, 3.0, 15.49999999254942 ] },
                "up": { "texture": "#1", "uv": [ 0.0, 0.0, 0.5, 0.0 ] },
                "down": { "texture": "#1", "uv": [ 0.0, 0.0, 0.5, 0.0 ] }
            }
        },
        {
            "name": "Cube",
            "from": [ 0.10000000149011612, 0.5000000074505806, 6.999999985098839 ], 
            "to": [ 0.6000000014901161, 14.0, 6.999999985098839 ], 
            "faces": {
                "north": { "texture": "#1", "uv": [ 4.0, 2.0, 4.5, 15.49999999254942 ] },
                "east": { "texture": "#1", "uv": [ 6.0, 2.0, 6.0, 15.49999999254942 ] },
                "south": { "texture": "#1", "uv": [ 3.0, 2.0, 3.5, 15.49999999254942 ] },
                "west": { "texture": "#1", "uv": [ 3.0, 2.0, 3.0, 15.49999999254942 ] },
                "up": { "texture": "#1", "uv": [ 0.0, 0.0, 0.5, 0.0 ] },
                "down": { "texture": "#1", "uv": [ 0.0, 0.0, 0.5, 0.0 ] }
            }
        },
        {
            "name": "Cube",
            "from": [ 0.10000000149011612, 0.5000000074505806, 7.999999985098839 ], 
            "to": [ 0.6000000014901161, 14.0, 7.999999985098839 ], 
            "faces": {
                "north": { "texture": "#1", "uv": [ 4.0, 2.0, 4.5, 15.49999999254942 ] },
                "east": { "texture": "#1", "uv": [ 6.0, 2.0, 6.0, 15.49999999254942 ] },
                "south": { "texture": "#1", "uv": [ 3.0, 2.0, 3.5, 15.49999999254942 ] },
                "west": { "texture": "#1", "uv": [ 3.0, 2.0, 3.0, 15.49999999254942 ] },
                "up": { "texture": "#1", "uv": [ 0.0, 0.0, 0.5, 0.0 ] },
                "down": { "texture": "#1", "uv": [ 0.0, 0.0, 0.5, 0.0 ] }
            }
        },
        {
            "name": "Cube",
            "from": [ 0.10000000149011612, 0.5000000074505806, 8.999999985098839 ], 
            "to": [ 0.6000000014901161, 14.0, 8.999999985098839 ], 
            "faces": {
                "north": { "texture": "#1", "uv": [ 4.0, 2.0, 4.5, 15.49999999254942 ] },
                "east": { "texture": "#1", "uv": [ 6.0, 2.0, 6.0, 15.49999999254942 ] },
                "south": { "texture": "#1", "uv": [ 3.0, 2.0, 3.5, 15.49999999254942 ] },
                "west": { "texture": "#1", "uv": [ 3.0, 2.0, 3.0, 15.49999999254942 ] },
                "up": { "texture": "#1", "uv": [ 0.0, 0.0, 0.5, 0.0 ] },
                "down": { "texture": "#1", "uv": [ 0.0, 0.0, 0.5, 0.0 ] }
            }
        },
        {
            "name": "Cube",
            "from": [ 0.10000000149011612, 0.5000000074505806, 9.999999985098839 ], 
            "to": [ 0.6000000014901161, 14.0, 9.999999985098839 ], 
            "faces": {
                "north": { "texture": "#1", "uv": [ 4.0, 2.0, 4.5, 15.49999999254942 ] },
                "east": { "texture": "#1", "uv": [ 6.0, 2.0, 6.0, 15.49999999254942 ] },
                "south": { "texture": "#1", "uv": [ 3.0, 2.0, 3.5, 15.49999999254942 ] },
                "west": { "texture": "#1", "uv": [ 3.0, 2.0, 3.0, 15.49999999254942 ] },
                "up": { "texture": "#1", "uv": [ 0.0, 0.0, 0.5, 0.0 ] },
                "down": { "texture": "#1", "uv": [ 0.0, 0.0, 0.5, 0.0 ] }
            }
        },
        {
            "name": "Cube",
            "from": [ 0.10000000149011612, 0.5000000074505806, 10.999999985098839 ], 
            "to": [ 0.6000000014901161, 14.0, 10.999999985098839 ], 
            "faces": {
                "north": { "texture": "#1", "uv": [ 4.0, 2.0, 4.5, 15.49999999254942 ] },
                "east": { "texture": "#1", "uv": [ 6.0, 2.0, 6.0, 15.49999999254942 ] },
                "south": { "texture": "#1", "uv": [ 3.0, 2.0, 3.5, 15.49999999254942 ] },
                "west": { "texture": "#1", "uv": [ 3.0, 2.0, 3.0, 15.49999999254942 ] },
                "up": { "texture": "#1", "uv": [ 0.0, 0.0, 0.5, 0.0 ] },
                "down": { "texture": "#1", "uv": [ 0.0, 0.0, 0.5, 0.0 ] }
            }
        },
        {
            "name": "Cube",
            "from": [ 0.10000000149011612, 0.5000000074505806, 11.999999985098839 ], 
            "to": [ 0.6000000014901161, 14.0, 11.999999985098839 ], 
            "faces": {
                "north": { "texture": "#1", "uv": [ 4.0, 2.0, 4.5, 15.49999999254942 ] },
                "east": { "texture": "#1", "uv": [ 6.0, 2.0, 6.0, 15.49999999254942 ] },
                "south": { "texture": "#1", "uv": [ 3.0, 2.0, 3.5, 15.49999999254942 ] },
                "west": { "texture": "#1", "uv": [ 3.0, 2.0, 3.0, 15.49999999254942 ] },
                "up": { "texture": "#1", "uv": [ 0.0, 0.0, 0.5, 0.0 ] },
                "down": { "texture": "#1", "uv": [ 0.0, 0.0, 0.5, 0.0 ] }
            }
        },
        {
            "name": "Cube",
            "from": [ 0.10000000149011612, 0.5000000074505806, 12.999999985098839 ], 
            "to": [ 0.6000000014901161, 14.0, 12.999999985098839 ], 
            "faces": {
                "north": { "texture": "#1", "uv": [ 4.0, 2.0, 4.5, 15.49999999254942 ] },
                "east": { "texture": "#1", "uv": [ 6.0, 2.0, 6.0, 15.49999999254942 ] },
                "south": { "texture": "#1", "uv": [ 3.0, 2.0, 3.5, 15.49999999254942 ] },
                "west": { "texture": "#1", "uv": [ 3.0, 2.0, 3.0, 15.49999999254942 ] },
                "up": { "texture": "#1", "uv": [ 0.0, 0.0, 0.5, 0.0 ] },
                "down": { "texture": "#1", "uv": [ 0.0, 0.0, 0.5, 0.0 ] }
            }
        },
        {
            "name": "Cube",
            "from": [ 0.10000000149011612, 0.5000000074505806, 13.999999985098839 ], 
            "to": [ 0.6000000014901161, 14.0, 13.999999985098839 ], 
            "faces": {
                "north": { "texture": "#1", "uv": [ 4.0, 2.0, 4.5, 15.49999999254942 ] },
                "east": { "texture": "#1", "uv": [ 6.0, 2.0, 6.0, 15.49999999254942 ] },
                "south": { "texture": "#1", "uv": [ 3.0, 2.0, 3.5, 15.49999999254942 ] },
                "west": { "texture": "#1", "uv": [ 3.0, 2.0, 3.0, 15.49999999254942 ] },
                "up": { "texture": "#1", "uv": [ 0.0, 0.0, 0.5, 0.0 ] },
                "down": { "texture": "#1", "uv": [ 0.0, 0.0, 0.5, 0.0 ] }
            }
        },
        {
            "name": "Cube",
            "from": [ 0.10000000149011612, 0.5000000074505806, 14.999999985098839 ], 
            "to": [ 0.6000000014901161, 14.0, 14.999999985098839 ], 
            "faces": {
                "north": { "texture": "#1", "uv": [ 4.0, 2.0, 4.5, 15.49999999254942 ] },
                "east": { "texture": "#1", "uv": [ 6.0, 2.0, 6.0, 15.49999999254942 ] },
                "south": { "texture": "#1", "uv": [ 3.0, 2.0, 3.5, 15.49999999254942 ] },
                "west": { "texture": "#1", "uv": [ 3.0, 2.0, 3.0, 15.49999999254942 ] },
                "up": { "texture": "#1", "uv": [ 0.0, 0.0, 0.5, 0.0 ] },
                "down": { "texture": "#1", "uv": [ 0.0, 0.0, 0.5, 0.0 ] }
            }
        },
        {
            "name": "middle",
            "from": [ 0.10000000149011612, 1.4999999925494194, 0.10000000149011612 ], 
            "to": [ 15.899999998509884, 1.4999999925494194, 15.899999998509884 ], 
            "faces": {
                "north": { "texture": "#1", "uv": [ 0.0, 0.0, 15.799999997019768, 0.0 ] },
                "east": { "texture": "#1", "uv": [ 0.0, 0.0, 15.799999997019768, 0.0 ] },
                "south": { "texture": "#1", "uv": [ 0.0, 0.0, 15.799999997019768, 0.0 ] },
                "west": { "texture": "#1", "uv": [ 0.0, 0.0, 15.799999997019768, 0.0 ] },
                "up": { "texture": "#1", "uv": [ 0.0, 0.0, 15.799999997019768, 15.799999997019768 ] },
                "down": { "texture": "#1", "uv": [ 0.0, 0.0, 15.799999997019768, 15.799999997019768 ] }
            }
        },
        {
            "name": "Cube",
            "from": [ 0.10000000149011612, 2.4999999925494194, 0.10000000149011612 ], 
            "to": [ 15.899999998509884, 2.4999999925494194, 15.899999998509884 ], 
            "faces": {
                "north": { "texture": "#1", "uv": [ 0.0, 0.0, 15.799999997019768, 0.0 ] },
                "east": { "texture": "#1", "uv": [ 0.0, 0.0, 15.799999997019768, 0.0 ] },
                "south": { "texture": "#1", "uv": [ 0.0, 0.0, 15.799999997019768, 0.0 ] },
                "west": { "texture": "#1", "uv": [ 0.0, 0.0, 15.799999997019768, 0.0 ] },
                "up": { "texture": "#1", "uv": [ 0.0, 0.0, 15.799999997019768, 15.799999997019768 ] },
                "down": { "texture": "#1", "uv": [ 0.0, 0.0, 15.799999997019768, 15.799999997019768 ] }
            }
        },
        {
            "name": "Cube",
            "from": [ 0.10000000149011612, 3.4999999925494194, 0.10000000149011612 ], 
            "to": [ 15.899999998509884, 3.4999999925494194, 15.899999998509884 ], 
            "faces": {
                "north": { "texture": "#1", "uv": [ 0.0, 0.0, 15.799999997019768, 0.0 ] },
                "east": { "texture": "#1", "uv": [ 0.0, 0.0, 15.799999997019768, 0.0 ] },
                "south": { "texture": "#1", "uv": [ 0.0, 0.0, 15.799999997019768, 0.0 ] },
                "west": { "texture": "#1", "uv": [ 0.0, 0.0, 15.799999997019768, 0.0 ] },
                "up": { "texture": "#1", "uv": [ 0.0, 0.0, 15.799999997019768, 15.799999997019768 ] },
                "down": { "texture": "#1", "uv": [ 0.0, 0.0, 15.799999997019768, 15.799999997019768 ] }
            }
        },
        {
            "name": "Cube",
            "from": [ 0.10000000149011612, 4.499999992549419, 0.10000000149011612 ], 
            "to": [ 15.899999998509884, 4.499999992549419, 15.899999998509884 ], 
            "faces": {
                "north": { "texture": "#1", "uv": [ 0.0, 0.0, 15.799999997019768, 0.0 ] },
                "east": { "texture": "#1", "uv": [ 0.0, 0.0, 15.799999997019768, 0.0 ] },
                "south": { "texture": "#1", "uv": [ 0.0, 0.0, 15.799999997019768, 0.0 ] },
                "west": { "texture": "#1", "uv": [ 0.0, 0.0, 15.799999997019768, 0.0 ] },
                "up": { "texture": "#1", "uv": [ 0.0, 0.0, 15.799999997019768, 15.799999997019768 ] },
                "down": { "texture": "#1", "uv": [ 0.0, 0.0, 15.799999997019768, 15.799999997019768 ] }
            }
        },
        {
            "name": "Cube",
            "from": [ 0.10000000149011612, 5.499999992549419, 0.10000000149011612 ], 
            "to": [ 15.899999998509884, 5.499999992549419, 15.899999998509884 ], 
            "faces": {
                "north": { "texture": "#1", "uv": [ 0.0, 0.0, 15.799999997019768, 0.0 ] },
                "east": { "texture": "#1", "uv": [ 0.0, 0.0, 15.799999997019768, 0.0 ] },
                "south": { "texture": "#1", "uv": [ 0.0, 0.0, 15.799999997019768, 0.0 ] },
                "west": { "texture": "#1", "uv": [ 0.0, 0.0, 15.799999997019768, 0.0 ] },
                "up": { "texture": "#1", "uv": [ 0.0, 0.0, 15.799999997019768, 15.799999997019768 ] },
                "down": { "texture": "#1", "uv": [ 0.0, 0.0, 15.799999997019768, 15.799999997019768 ] }
            }
        },
        {
            "name": "Cube",
            "from": [ 0.10000000149011612, 6.499999992549419, 0.10000000149011612 ], 
            "to": [ 15.899999998509884, 6.499999992549419, 15.899999998509884 ], 
            "faces": {
                "north": { "texture": "#1", "uv": [ 0.0, 0.0, 15.799999997019768, 0.0 ] },
                "east": { "texture": "#1", "uv": [ 0.0, 0.0, 15.799999997019768, 0.0 ] },
                "south": { "texture": "#1", "uv": [ 0.0, 0.0, 15.799999997019768, 0.0 ] },
                "west": { "texture": "#1", "uv": [ 0.0, 0.0, 15.799999997019768, 0.0 ] },
                "up": { "texture": "#1", "uv": [ 0.0, 0.0, 15.799999997019768, 15.799999997019768 ] },
                "down": { "texture": "#1", "uv": [ 0.0, 0.0, 15.799999997019768, 15.799999997019768 ] }
            }
        },
        {
            "name": "Cube",
            "from": [ 0.10000000149011612, 7.499999992549419, 0.10000000149011612 ], 
            "to": [ 15.899999998509884, 7.499999992549419, 15.899999998509884 ], 
            "faces": {
                "north": { "texture": "#1", "uv": [ 0.0, 0.0, 15.799999997019768, 0.0 ] },
                "east": { "texture": "#1", "uv": [ 0.0, 0.0, 15.799999997019768, 0.0 ] },
                "south": { "texture": "#1", "uv": [ 0.0, 0.0, 15.799999997019768, 0.0 ] },
                "west": { "texture": "#1", "uv": [ 0.0, 0.0, 15.799999997019768, 0.0 ] },
                "up": { "texture": "#1", "uv": [ 0.0, 0.0, 15.799999997019768, 15.799999997019768 ] },
                "down": { "texture": "#1", "uv": [ 0.0, 0.0, 15.799999997019768, 15.799999997019768 ] }
            }
        },
        {
            "name": "Cube",
            "from": [ 0.10000000149011612, 8.49999999254942, 0.10000000149011612 ], 
            "to": [ 15.899999998509884, 8.49999999254942, 15.899999998509884 ], 
            "faces": {
                "north": { "texture": "#1", "uv": [ 0.0, 0.0, 15.799999997019768, 0.0 ] },
                "east": { "texture": "#1", "uv": [ 0.0, 0.0, 15.799999997019768, 0.0 ] },
                "south": { "texture": "#1", "uv": [ 0.0, 0.0, 15.799999997019768, 0.0 ] },
                "west": { "texture": "#1", "uv": [ 0.0, 0.0, 15.799999997019768, 0.0 ] },
                "up": { "texture": "#1", "uv": [ 0.0, 0.0, 15.799999997019768, 15.799999997019768 ] },
                "down": { "texture": "#1", "uv": [ 0.0, 0.0, 15.799999997019768, 15.799999997019768 ] }
            }
        },
        {
            "name": "Cube",
            "from": [ 0.10000000149011612, 9.49999999254942, 0.10000000149011612 ], 
            "to": [ 15.899999998509884, 9.49999999254942, 15.899999998509884 ], 
            "faces": {
                "north": { "texture": "#1", "uv": [ 0.0, 0.0, 15.799999997019768, 0.0 ] },
                "east": { "texture": "#1", "uv": [ 0.0, 0.0, 15.799999997019768, 0.0 ] },
                "south": { "texture": "#1", "uv": [ 0.0, 0.0, 15.799999997019768, 0.0 ] },
                "west": { "texture": "#1", "uv": [ 0.0, 0.0, 15.799999997019768, 0.0 ] },
                "up": { "texture": "#1", "uv": [ 0.0, 0.0, 15.799999997019768, 15.799999997019768 ] },
                "down": { "texture": "#1", "uv": [ 0.0, 0.0, 15.799999997019768, 15.799999997019768 ] }
            }
        },
        {
            "name": "Cube",
            "from": [ 0.10000000149011612, 10.49999999254942, 0.10000000149011612 ], 
            "to": [ 15.899999998509884, 10.49999999254942, 15.899999998509884 ], 
            "faces": {
                "north": { "texture": "#1", "uv": [ 0.0, 0.0, 15.799999997019768, 0.0 ] },
                "east": { "texture": "#1", "uv": [ 0.0, 0.0, 15.799999997019768, 0.0 ] },
                "south": { "texture": "#1", "uv": [ 0.0, 0.0, 15.799999997019768, 0.0 ] },
                "west": { "texture": "#1", "uv": [ 0.0, 0.0, 15.799999997019768, 0.0 ] },
                "up": { "texture": "#1", "uv": [ 0.0, 0.0, 15.799999997019768, 15.799999997019768 ] },
                "down": { "texture": "#1", "uv": [ 0.0, 0.0, 15.799999997019768, 15.799999997019768 ] }
            }
        },
        {
            "name": "Cube",
            "from": [ 0.10000000149011612, 11.49999999254942, 0.10000000149011612 ], 
            "to": [ 15.899999998509884, 11.49999999254942, 15.899999998509884 ], 
            "faces": {
                "north": { "texture": "#1", "uv": [ 0.0, 0.0, 15.799999997019768, 0.0 ] },
                "east": { "texture": "#1", "uv": [ 0.0, 0.0, 15.799999997019768, 0.0 ] },
                "south": { "texture": "#1", "uv": [ 0.0, 0.0, 15.799999997019768, 0.0 ] },
                "west": { "texture": "#1", "uv": [ 0.0, 0.0, 15.799999997019768, 0.0 ] },
                "up": { "texture": "#1", "uv": [ 0.0, 0.0, 15.799999997019768, 15.799999997019768 ] },
                "down": { "texture": "#1", "uv": [ 0.0, 0.0, 15.799999997019768, 15.799999997019768 ] }
            }
        },
        {
            "name": "Cube",
            "from": [ 0.10000000149011612, 12.49999999254942, 0.10000000149011612 ], 
            "to": [ 15.899999998509884, 12.49999999254942, 15.899999998509884 ], 
            "faces": {
                "north": { "texture": "#1", "uv": [ 0.0, 0.0, 15.799999997019768, 0.0 ] },
                "east": { "texture": "#1", "uv": [ 0.0, 0.0, 15.799999997019768, 0.0 ] },
                "south": { "texture": "#1", "uv": [ 0.0, 0.0, 15.799999997019768, 0.0 ] },
                "west": { "texture": "#1", "uv": [ 0.0, 0.0, 15.799999997019768, 0.0 ] },
                "up": { "texture": "#1", "uv": [ 0.0, 0.0, 15.799999997019768, 15.799999997019768 ] },
                "down": { "texture": "#1", "uv": [ 0.0, 0.0, 15.799999997019768, 15.799999997019768 ] }
            }
        },
        {
            "name": "1",
            "from": [ 0.0, 0.5000000074505806, 0.0 ], 
            "to": [ 1.1000000014901161, 13.0, 1.1000000014901161 ], 
            "faces": {
                "north": { "texture": "#0", "uv": [ 0.0, 0.0, 1.1000000014901161, 12.49999999254942 ] },
                "east": { "texture": "#0", "uv": [ 0.0, 0.0, 1.1000000014901161, 12.49999999254942 ] },
                "south": { "texture": "#0", "uv": [ 0.0, 0.0, 1.1000000014901161, 12.49999999254942 ] },
                "west": { "texture": "#0", "uv": [ 0.0, 0.0, 1.1000000014901161, 12.49999999254942 ] },
                "up": { "texture": "#0", "uv": [ 0.0, 0.0, 1.1000000014901161, 1.1000000014901161 ] },
                "down": { "texture": "#0", "uv": [ 0.0, 0.0, 1.1000000014901161, 1.1000000014901161 ] }
            }
        },
        {
            "name": "2",
            "from": [ 14.899999998509884, 0.5000000074505806, 0.0 ], 
            "to": [ 16.0, 13.0, 1.1000000014901161 ], 
            "faces": {
                "north": { "texture": "#0", "uv": [ 0.0, 0.0, 1.1000000014901161, 12.49999999254942 ] },
                "east": { "texture": "#0", "uv": [ 0.0, 0.0, 1.1000000014901161, 12.49999999254942 ] },
                "south": { "texture": "#0", "uv": [ 0.0, 0.0, 1.1000000014901161, 12.49999999254942 ] },
                "west": { "texture": "#0", "uv": [ 0.0, 0.0, 1.1000000014901161, 12.49999999254942 ] },
                "up": { "texture": "#0", "uv": [ 0.0, 0.0, 1.1000000014901161, 1.1000000014901161 ] },
                "down": { "texture": "#0", "uv": [ 0.0, 0.0, 1.1000000014901161, 1.1000000014901161 ] }
            }
        },
        {
            "name": "3",
            "from": [ 14.899999998509884, 0.5000000074505806, 14.899999998509884 ], 
            "to": [ 16.0, 9.0, 16.0 ], 
            "faces": {
                "north": { "texture": "#0", "uv": [ 0.0, 0.0, 1.1000000014901161, 8.49999999254942 ] },
                "east": { "texture": "#0", "uv": [ 0.0, 0.0, 1.1000000014901161, 8.49999999254942 ] },
                "south": { "texture": "#0", "uv": [ 0.0, 0.0, 1.1000000014901161, 8.49999999254942 ] },
                "west": { "texture": "#0", "uv": [ 0.0, 0.0, 1.1000000014901161, 8.49999999254942 ] },
                "up": { "texture": "#0", "uv": [ 0.0, 0.0, 1.1000000014901161, 1.1000000014901161 ] },
                "down": { "texture": "#0", "uv": [ 0.0, 0.0, 1.1000000014901161, 1.1000000014901161 ] }
            }
        },
        {
            "name": "4",
            "from": [ 0.0, 0.5000000074505806, 14.899999998509884 ], 
            "to": [ 1.1000000014901161, 9.0, 16.0 ], 
            "faces": {
                "north": { "texture": "#0", "uv": [ 0.0, 0.0, 1.1000000014901161, 8.49999999254942 ] },
                "east": { "texture": "#0", "uv": [ 0.0, 0.0, 1.1000000014901161, 8.49999999254942 ] },
                "south": { "texture": "#0", "uv": [ 0.0, 0.0, 1.1000000014901161, 8.49999999254942 ] },
                "west": { "texture": "#0", "uv": [ 0.0, 0.0, 1.1000000014901161, 8.49999999254942 ] },
                "up": { "texture": "#0", "uv": [ 0.0, 0.0, 1.1000000014901161, 1.1000000014901161 ] },
                "down": { "texture": "#0", "uv": [ 0.0, 0.0, 1.1000000014901161, 1.1000000014901161 ] }
            }
        }
    ],
    "display": {
        "thirdperson_righthand": {
            "rotation": [ 80, 45, 0 ],
            "translation": [ 0, 3, 0 ],
            "scale": [ 0.35, 0.35, 0.35 ]
        },
        "thirdperson_lefthand": {
            "rotation": [ 80, 45, 0 ],
            "translation": [ 0, 3, 0 ],
            "scale": [ 0.35, 0.35, 0.35 ]
        },
        "ground": {
            "rotation": [ 0, 0, 0 ],
            "translation": [ 0, 2, 0 ],
            "scale": [ 0.25, 0.25, 0.25 ]
        },
        "fixed": {
            "rotation": [ 0, 0, 0 ],
            "translation": [ 0, 0, 0 ],
            "scale": [ 0.5, 0.5, 0.5 ]
        },
        "firstperson_righthand": {
            "rotation": [ 0, 0, 0 ],
            "translation": [ 0, 0, 0 ],
            "scale": [ 0.5, 0.5, 0.5 ]
        },
        "firstperson_lefthand": {
            "rotation": [ 0, 0, 0 ],
            "translation": [ 0, 0, 0 ],
            "scale": [ 0.5, 0.5, 0.5 ]
        },
        "gui": {
            "rotation": [ 25, 45, 0 ],
            "translation": [ 0, -1, 0 ],
            "scale": [ 0.58, 0.58, 0.58 ]
        }
    }
}