{
    "__comment": "Model generated using MrCrayfish's Model Creator (http://mrcrayfish.com/modelcreator/)",
"ambientocclusion": true,
    "textures": {
        "0": "blocks/safe",
        "1": "blocks/safea",
        "2": "blocks/safeb"
    },
    "elements": [
        {
            "name": "Cube",
            "from": [ 0.0, 12.0, -1.0 ], 
            "to": [ 16.0, 29.0, 22.0 ], 
            "faces": {
                "north": { "texture": "#0", "uv": [ 0.0, 0.0, 16.0, 16.0 ] },
                "east": { "texture": "#1", "uv": [ 0.0, 0.0, 16.0, 16.0 ] },
                "south": { "texture": "#1", "uv": [ 0.0, 0.0, 16.0, 16.0 ] },
                "west": { "texture": "#1", "uv": [ 0.0, 0.0, 16.0, 16.0 ] },
                "up": { "texture": "#1", "uv": [ 0.0, 0.0, 16.0, 16.0 ] },
                "down": { "texture": "#1", "uv": [ 0.0, 0.0, 16.0, 16.0 ] }
            }
        },
        {
            "name": "Cube",
            "from": [ 0.0, 0.0, -1.0 ], 
            "to": [ 16.0, 12.0, 22.0 ], 
            "faces": {
                "north": { "texture": "#0", "uv": [ 0.0, 5.0, 16.0, 16.0 ] },
                "east": { "texture": "#1", "uv": [ 0.0, 0.0, 16.0, 11.0 ] },
                "south": { "texture": "#1", "uv": [ 0.0, 0.0, 16.0, 11.0 ] },
                "west": { "texture": "#1", "uv": [ 0.0, 0.0, 16.0, 11.0 ] },
                "up": { "texture": "#1", "uv": [ 0.0, 0.0, 16.0, 16.0 ] },
                "down": { "texture": "#1", "uv": [ 0.0, 0.0, 16.0, 16.0 ] }
            }
        },
        {
            "name": "Cube",
            "from": [ 0.0, 0.0, -2.0 ], 
            "to": [ 1.0, 29.0, -1.0 ], 
            "faces": {
                "north": { "texture": "#1", "uv": [ 0.0, 0.0, 1.0, 16.0 ] },
                "east": { "texture": "#1", "uv": [ 0.0, 0.0, 1.0, 16.0 ] },
                "south": { "texture": "#1", "uv": [ 0.0, 0.0, 1.0, 16.0 ] },
                "west": { "texture": "#1", "uv": [ 0.0, 0.0, 1.0, 16.0 ] },
                "up": { "texture": "#1", "uv": [ 0.0, 0.0, 1.0, 1.0 ] },
                "down": { "texture": "#1", "uv": [ 0.0, 0.0, 1.0, 1.0 ] }
            }
        },
        {
            "name": "Cube",
            "from": [ 15.0, 0.0, -2.0 ], 
            "to": [ 16.0, 29.0, -1.0 ], 
            "faces": {
                "north": { "texture": "#1", "uv": [ 0.0, 0.0, 1.0, 16.0 ] },
                "east": { "texture": "#1", "uv": [ 0.0, 0.0, 1.0, 16.0 ] },
                "south": { "texture": "#1", "uv": [ 0.0, 0.0, 1.0, 16.0 ] },
                "west": { "texture": "#1", "uv": [ 0.0, 0.0, 1.0, 16.0 ] },
                "up": { "texture": "#1", "uv": [ 0.0, 0.0, 1.0, 1.0 ] },
                "down": { "texture": "#1", "uv": [ 0.0, 0.0, 1.0, 1.0 ] }
            }
        },
        {
            "name": "Cube",
            "from": [ 1.0, 0.0, -2.0 ], 
            "to": [ 15.0, 1.0, -1.0 ], 
            "faces": {
                "north": { "texture": "#1", "uv": [ 0.0, 0.0, 1.0, 16.0 ] },
                "east": { "texture": "#1", "uv": [ 0.0, 0.0, 1.0, 16.0 ] },
                "south": { "texture": "#1", "uv": [ 0.0, 0.0, 1.0, 16.0 ] },
                "west": { "texture": "#1", "uv": [ 0.0, 0.0, 1.0, 16.0 ] },
                "up": { "texture": "#1", "uv": [ 0.0, 0.0, 14.0, 1.0 ] },
                "down": { "texture": "#1", "uv": [ 0.0, 0.0, 1.0, 1.0 ] }
            }
        },
        {
            "name": "Cube",
            "from": [ 1.0, 28.0, -2.0 ], 
            "to": [ 15.0, 29.0, -1.0 ], 
            "faces": {
                "north": { "texture": "#1", "uv": [ 0.0, 0.0, 1.0, 16.0 ] },
                "east": { "texture": "#1", "uv": [ 0.0, 0.0, 1.0, 16.0 ] },
                "south": { "texture": "#1", "uv": [ 0.0, 0.0, 1.0, 16.0 ] },
                "west": { "texture": "#1", "uv": [ 0.0, 0.0, 1.0, 16.0 ] },
                "up": { "texture": "#1", "uv": [ 0.0, 0.0, 14.0, 1.0 ] },
                "down": { "texture": "#1", "uv": [ 0.0, 0.0, 1.0, 1.0 ] }
            }
        },
        {
            "name": "Cube",
            "from": [ 11.0, 15.0, -2.0 ], 
            "to": [ 14.0, 16.0, -1.0 ], 
            "faces": {
                "north": { "texture": "#2", "uv": [ 0.0, 0.0, 3.0, 1.0 ] },
                "east": { "texture": "#2", "uv": [ 0.0, 0.0, 1.0, 1.0 ] },
                "south": { "texture": "#2", "uv": [ 0.0, 0.0, 3.0, 1.0 ] },
                "west": { "texture": "#2", "uv": [ 0.0, 0.0, 1.0, 1.0 ] },
                "up": { "texture": "#2", "uv": [ 0.0, 0.0, 3.0, 1.0 ] },
                "down": { "texture": "#2", "uv": [ 0.0, 0.0, 3.0, 1.0 ] }
            }
        },
        {
            "name": "Cube",
            "from": [ 1.0, 1.0, 0.0 ], 
            "to": [ 15.0, 19.0, 21.0 ], 
            "faces": {
                "north": { "texture": "#0", "uv": [ 0.0, 5.0, 16.0, 16.0 ] },
                "east": { "texture": "#1", "uv": [ 0.0, 0.0, 16.0, 11.0 ] },
                "south": { "texture": "#1", "uv": [ 0.0, 0.0, 16.0, 11.0 ] },
                "west": { "texture": "#1", "uv": [ 0.0, 0.0, 16.0, 11.0 ] },
                "up": { "texture": "#1", "uv": [ 0.0, 0.0, 16.0, 16.0 ] },
                "down": { "texture": "#1", "uv": [ 0.0, 0.0, 16.0, 16.0 ] }
            }
        },
        {
            "name": "Cube",
            "from": [ 3.0, 1.0, 0.0 ], 
            "to": [ 15.0, 17.0, 19.0 ], 
            "faces": {
                "north": { "texture": "#0", "uv": [ 0.0, 5.0, 16.0, 16.0 ] },
                "east": { "texture": "#1", "uv": [ 0.0, 0.0, 16.0, 11.0 ] },
                "south": { "texture": "#1", "uv": [ 0.0, 0.0, 16.0, 11.0 ] },
                "west": { "texture": "#1", "uv": [ 0.0, 0.0, 16.0, 11.0 ] },
                "up": { "texture": "#1", "uv": [ 0.0, 0.0, 16.0, 16.0 ] },
                "down": { "texture": "#1", "uv": [ 0.0, 0.0, 16.0, 16.0 ] }
            }
        }
    ],
    "display": {
        "thirdperson_righthand": {
            "rotation": [ 80, 45, 0 ],
            "translation": [ 0, 3, 0 ],
            "scale": [ 0.35, 0.35, 0.35 ]
        },
        "thirdperson_lefthand": {
            "rotation": [ 80, 45, 0 ],
            "translation": [ 0, 3, 0 ],
            "scale": [ 0.35, 0.35, 0.35 ]
        },
        "head": {
            "rotation": [ 0, 0, 0 ],
            "translation": [ 0, 0, 0 ],
            "scale": [ 0.5, 0.5, 0.5 ]
        },
        "ground": {
            "rotation": [ 0, 0, 0 ],
            "translation": [ 0, 2, 0 ],
            "scale": [ 0.25, 0.25, 0.25 ]
        },
        "fixed": {
            "rotation": [ 180, 0, 180 ],
            "translation": [ 0, 0, 14 ],
            "scale": [ 2, 2, 2 ]
        },
        "firstperson_righthand": {
            "rotation": [ 0, 0, 0 ],
            "translation": [ 0, 0, 0 ],
            "scale": [ 0.5, 0.5, 0.5 ]
        },
        "firstperson_lefthand": {
            "rotation": [ 0, 0, 0 ],
            "translation": [ 0, 0, 0 ],
            "scale": [ 0.5, 0.5, 0.5 ]
        },
        "gui": {
            "rotation": [ 180, 45, 0 ],
            "translation": [-1, 2.5, 0 ],
            "scale": [ 0.40, 0.40, 0.40 ]
        }
    }
}