{
    "__comment": "Model generated using MrCrayfish's Model Creator (http://mrcrayfish.com/modelcreator/) a model by waterced1",
    "textures": {
        "particle": "blocks/iron_block",
        "0": "blocks/iron_block",
        "1": "blocks/cauldron_inner",
        "2": "blocks/planks_birch",
        "3": "blocks/hardened_clay_stained_red"
    },
    "display": {
	 "thirdperson_righthand": {
            "rotation": [ 60, 180, 0 ],
            "translation": [ 0, 2, 0 ],
            "scale": [ 0.75, 0.75, 0.75 ]
        },
        "firstperson_righthand": {
            "rotation": [ 0, 180, 0 ],
            "translation": [ 0, 2 , 0 ],
            "scale": [ 0.75, 0.75, 0.75 ]
        },
		"thirdperson_lefthand": {
            "rotation": [ 60, 180 , 0 ],
            "translation": [ 0, 3 , 0 ],
            "scale": [ 0.75, 0.75, 0.75 ]
        },
        "firstperson_lefthand": {
            "rotation": [ 0, 180, 0 ],
            "translation": [ 0, 2 , 0 ],
            "scale": [ 0.75, 0.75, 0.75 ]
        },
        "ground": {
            "rotation": [ 0, 0, 0 ],
            "translation": [ 0, 2, 0 ],
            "scale": [ 0.5, 0.5, 0.5 ]
        },
        "fixed": {
            "rotation": [ 0, 0, 0 ],
            "translation": [ 0, 0, 0 ],
            "scale": [ 0.8, 0.8, 0.8 ]
        },
        "gui": {
            "rotation": [ 25, 45, 0 ],
            "translation": [ 0, 1, 0 ],
            "scale": [ 0.8, 0.8, 0.8 ]
        }
    },
	
    "elements": [
        {
            "name": "tube1",
            "from": [ 5.0, 0.0, 8.0 ], 
            "to": [ 11.0, 1.0, 14.0 ], 
            "faces": {
                "north": { "texture": "#0", "uv": [ 0.0, 0.0, 6.0, 1.0 ] },
                "east": { "texture": "#0", "uv": [ 0.0, 0.0, 6.0, 1.0 ] },
                "south": { "texture": "#0", "uv": [ 0.0, 0.0, 6.0, 1.0 ] },
                "west": { "texture": "#0", "uv": [ 0.0, 0.0, 6.0, 1.0 ] },
                "up": { "texture": "#0", "uv": [ 0.0, 4.0, 1.0, 5.0 ] },
                "down": { "texture": "#0", "uv": [ 0.0, 0.0, 1.0, 1.0 ] }
            }
        },
        {
            "name": "tube2",
            "from": [ 5.0, 0.0, 7.0 ], 
            "to": [ 11.0, 10.0, 8.0 ], 
            "faces": {
                "north": { "texture": "#0", "uv": [ 4.0, 4.0, 10.0, 14.0 ] },
                "east": { "texture": "#0", "uv": [ 0.0, 0.0, 1.0, 10.0 ] },
                "south": { "texture": "#0", "uv": [ 5.0, 4.0, 11.0, 14.0 ] },
                "west": { "texture": "#0", "uv": [ 0.0, 0.0, 1.0, 10.0 ] },
                "up": { "texture": "#0", "uv": [ 0.0, 0.0, 6.0, 1.0 ] },
                "down": { "texture": "#0", "uv": [ 0.0, 0.0, 6.0, 1.0 ] }
            }
        },
        {
            "name": "tube3",
            "from": [ 5.0, 0.0, 14.0 ], 
            "to": [ 11.0, 10.0, 15.0 ], 
            "faces": {
                "north": { "texture": "#0", "uv": [ 4.0, 4.0, 10.0, 14.0 ] },
                "east": { "texture": "#0", "uv": [ 0.0, 0.0, 1.0, 10.0 ] },
                "south": { "texture": "#0", "uv": [ 5.0, 4.0, 11.0, 14.0 ] },
                "west": { "texture": "#0", "uv": [ 0.0, 0.0, 1.0, 10.0 ] },
                "up": { "texture": "#0", "uv": [ 0.0, 0.0, 6.0, 1.0 ] },
                "down": { "texture": "#0", "uv": [ 0.0, 0.0, 6.0, 1.0 ] }
            }
        },
        {
            "name": "tube4",
            "from": [ 4.0, 0.0, 8.0 ], 
            "to": [ 5.0, 10.0, 14.0 ], 
            "faces": {
                "north": { "texture": "#0", "uv": [ 0.0, 3.0, 1.0, 13.0 ] },
                "east": { "texture": "#0", "uv": [ 3.0, 2.0, 9.0, 12.0 ] },
                "south": { "texture": "#0", "uv": [ 0.0, 4.0, 1.0, 14.0 ] },
                "west": { "texture": "#0", "uv": [ 5.0, 3.0, 11.0, 13.0 ] },
                "up": { "texture": "#0", "uv": [ 0.0, 0.0, 1.0, 6.0 ] },
                "down": { "texture": "#0", "uv": [ 0.0, 0.0, 1.0, 6.0 ] }
            }
        },
        {
            "name": "tube5",
            "from": [ 11.0, 0.0, 8.0 ], 
            "to": [ 12.0, 10.0, 14.0 ], 
            "faces": {
                "north": { "texture": "#0", "uv": [ 0.0, 3.0, 1.0, 13.0 ] },
                "east": { "texture": "#0", "uv": [ 3.0, 2.0, 9.0, 12.0 ] },
                "south": { "texture": "#0", "uv": [ 0.0, 4.0, 1.0, 14.0 ] },
                "west": { "texture": "#0", "uv": [ 5.0, 3.0, 11.0, 13.0 ] },
                "up": { "texture": "#0", "uv": [ 0.0, 0.0, 1.0, 6.0 ] },
                "down": { "texture": "#0", "uv": [ 0.0, 0.0, 1.0, 6.0 ] }
            }
        },
        {
            "name": "tube6",
            "from": [ 5.0, 9.0, 8.0 ], 
            "to": [ 11.0, 10.0, 14.0 ], 
            "faces": {
                "north": { "texture": "#0", "uv": [ 0.0, 0.0, 6.0, 1.0 ] },
                "east": { "texture": "#0", "uv": [ 0.0, 0.0, 6.0, 1.0 ] },
                "south": { "texture": "#0", "uv": [ 0.0, 0.0, 6.0, 1.0 ] },
                "west": { "texture": "#0", "uv": [ 0.0, 0.0, 6.0, 1.0 ] },
                "up": { "texture": "#0", "uv": [ 0.0, 4.0, 1.0, 5.0 ] },
                "down": { "texture": "#0", "uv": [ 0.0, 0.0, 1.0, 1.0 ] }
            }
        },
        {
            "name": "top1",
            "from": [ 6.0, 8.0, 7.0 ], 
            "to": [ 10.0, 14.0, 11.0 ], 
            "rotation": { "origin": [ 8.0, 8.0, 8.0 ], "axis": "x", "angle": 45.0 },
            "faces": {
                "north": { "texture": "#0", "uv": [ 2.0, 0.0, 6.0, 6.0 ] },
                "east": { "texture": "#0", "uv": [ 12.0, 0.0, 16.0, 6.0 ] },
                "south": { "texture": "#0", "uv": [ 0.0, 0.0, 4.0, 6.0 ] },
                "west": { "texture": "#0", "uv": [ 0.0, 0.0, 4.0, 6.0 ] },
                "up": { "texture": "#0", "uv": [ 3.0, 0.0, 7.0, 4.0 ] },
                "down": { "texture": "#0", "uv": [ 0.0, 0.0, 4.0, 4.0 ] }
            }
        },
        {
            "name": "top2",
            "from": [ 7.0, 10.0, 8.0 ], 
            "to": [ 9.0, 16.0, 10.0 ], 
            "rotation": { "origin": [ 8.0, 8.0, 8.0 ], "axis": "x", "angle": 45.0 },
            "faces": {
                "north": { "texture": "#0", "uv": [ 0.0, 0.0, 1.0, 4.0 ] },
                "east": { "texture": "#0", "uv": [ 12.0, 0.0, 14.0, 1.0 ] },
                "south": { "texture": "#0", "uv": [ 0.0, 0.0, 2.0, 1.0 ] },
                "west": { "texture": "#0", "uv": [ 0.0, 0.0, 2.0, 1.0 ] },
                "up": { "texture": "#1", "uv": [ 1.0, 1.0, 15.0, 15.0 ] },
                "down": { "texture": "#0", "uv": [ 0.0, 0.0, 2.0, 2.0 ] }
            }
        },
        {
            "name": "inter",
            "from": [ 6.0, 2.0, 6.0 ], 
            "to": [ 10.0, 8.0, 7.0 ], 
            "faces": {
                "north": { "texture": "#0", "uv": [ 4.0, 3.0, 8.0, 9.0 ] },
                "east": { "texture": "#0", "uv": [ 0.0, 0.0, 1.0, 6.0 ] },
                "south": { "texture": "#0", "uv": [ 8.0, 7.0, 12.0, 13.0 ] },
                "west": { "texture": "#0", "uv": [ 0.0, 0.0, 1.0, 6.0 ] },
                "up": { "texture": "#0", "uv": [ 0.0, 0.0, 4.0, 1.0 ] },
                "down": { "texture": "#0", "uv": [ 0.0, 0.0, 4.0, 1.0 ] }
            }
        },
        {
            "name": "bois1",
            "from": [ 5.0, 1.0, 5.0 ], 
            "to": [ 11.0, 10.0, 6.0 ], 
            "faces": {
                "north": { "texture": "#2", "uv": [ 4.0, 0.0, 10.0, 9.0 ] },
                "east": { "texture": "#0", "uv": [ 0.0, 5.0, 1.0, 14.0 ] },
                "south": { "texture": "#2", "uv": [ 8.0, 5.0, 14.0, 14.0 ] },
                "west": { "texture": "#0", "uv": [ 0.0, 1.0, 1.0, 10.0 ] },
                "up": { "texture": "#0", "uv": [ 6.0, 0.0, 12.0, 1.0 ] },
                "down": { "texture": "#0", "uv": [ 2.0, 0.0, 8.0, 1.0 ] }
            }
        },
        {
            "name": "bois2",
            "from": [ 5.100000001490116, 5.099999986588955, 1.0 ], 
            "to": [ 10.899999998509884, 14.099999986588955, 2.0 ], 
            "rotation": { "origin": [ 8.0, 8.0, 8.0 ], "axis": "x", "angle": -45.0 },
            "faces": {
                "north": { "texture": "#2", "uv": [ 4.0, 0.0, 9.799999997019768, 9.0 ] },
                "east": { "texture": "#0", "uv": [ 0.0, 5.0, 1.0, 14.0 ] },
                "south": { "texture": "#2", "uv": [ 8.0, 5.0, 13.799999997019768, 14.0 ] },
                "west": { "texture": "#0", "uv": [ 0.0, 1.0, 1.0, 10.0 ] },
                "up": { "texture": "#0", "uv": [ 6.0, 0.0, 11.799999997019768, 1.0 ] },
                "down": { "texture": "#0", "uv": [ 2.0, 0.0, 7.799999997019768, 1.0 ] }
            }
        },
        {
            "name": "red1",
            "from": [ 5.200000002980232, 6.4000000059604645, 1.4999999925494194 ], 
            "to": [ 10.800000002980232, 13.400000005960464, 3.4999999925494194 ], 
            "rotation": { "origin": [ 8.0, 8.0, 8.0 ], "axis": "x", "angle": -45.0 },
            "faces": {
                "north": { "texture": "#3", "uv": [ 0.0, 0.0, 5.6, 7.0 ] },
                "east": { "texture": "#3", "uv": [ 0.0, 0.0, 2.0, 7.0 ] },
                "south": { "texture": "#3", "uv": [ 0.0, 0.0, 5.6, 7.0 ] },
                "west": { "texture": "#3", "uv": [ 0.0, 0.0, 2.0, 7.0 ] },
                "up": { "texture": "#3", "uv": [ 0.0, 0.0, 5.6, 2.0 ] },
                "down": { "texture": "#3", "uv": [ 0.0, 0.0, 5.6, 2.0 ] }
            }
        },
        {
            "name": "red2",
            "from": [ 5.300000004470348, 5.400000020861626, 1.4999999925494194 ], 
            "to": [ 10.700000001490116, 11.100000031292439, 4.499999992549419 ], 
            "rotation": { "origin": [ 8.0, 8.0, 8.0 ], "axis": "x", "angle": -22.5 },
            "faces": {
                "north": { "texture": "#3", "uv": [ 0.0, 0.0, 5.399999997019767, 5.700000010430813 ] },
                "east": { "texture": "#3", "uv": [ 0.0, 0.0, 3.0, 5.700000010430813 ] },
                "south": { "texture": "#3", "uv": [ 0.0, 0.0, 5.399999997019767, 5.700000010430813 ] },
                "west": { "texture": "#3", "uv": [ 0.0, 0.0, 3.0, 5.700000010430813 ] },
                "up": { "texture": "#3", "uv": [ 0.0, 0.0, 5.399999997019767, 3.0 ] },
                "down": { "texture": "#3", "uv": [ 0.0, 0.0, 5.399999997019767, 3.0 ] }
            }
        },
        {
            "name": "red3",
            "from": [ 5.4000000059604645, 2.6000000089406967, 3.4999999925494194 ], 
            "to": [ 10.6, 9.500000037252903, 5.299999989569187 ], 
            "faces": {
                "north": { "texture": "#3", "uv": [ 0.0, 0.0, 5.199999994039535, 6.900000028312206 ] },
                "east": { "texture": "#3", "uv": [ 0.0, 0.0, 1.7999999970197678, 6.900000028312206 ] },
                "south": { "texture": "#3", "uv": [ 0.0, 0.0, 5.199999994039535, 6.900000028312206 ] },
                "west": { "texture": "#3", "uv": [ 0.0, 0.0, 1.7999999970197678, 6.900000028312206 ] },
                "up": { "texture": "#3", "uv": [ 0.0, 0.0, 5.199999994039535, 1.7999999970197678 ] },
                "down": { "texture": "#3", "uv": [ 0.0, 0.0, 5.199999994039535, 1.7999999970197678 ] }
            }
        }
    ]
}