{
    "parent": "item/handheld",
    "textures": {
        "layer0": "items/cigar/cigarspack"
    },
	"display": {
        "ground": {
            "rotation": [ 0, 0, 0 ],
            "translation": [ 2, 2, 0],
            "scale":[ 0.5, 0.5, 0.5 ]
        },
        "head": {
            "rotation": [ 0, 180, 0 ],
            "translation": [ 0, 13, 7],
            "scale":[ 1, 1, 1]
        },
        "thirdperson_righthand": {
            "rotation": [ 0, 270, 0 ],
            "translation": [ 0, 1.5, 1 ],
            "scale": [ 0.5, 0.5, 0.5 ]
        },
        "firstperson_righthand": {
            "rotation": [ 0, -90, 25 ],
            "translation": [ 1.13, 3.2, 1.13],
            "scale": [ 0.68, 0.68, 0.68 ]
        },
        "thirdperson_lefthand": {
            "rotation": [ 0, 90, 0 ],
            "translation": [ 0, 1.5, 1 ],
            "scale": [ 0.5, 0.5, 0.5 ]
        },
    "gui": {
        "rotation": [ 0, 0, 0 ],
        "translation": [ 5, 0, 0 ],
        "scale": [ 1.3, 1.3, 1.3 ]
    }
    }
}
