{
    "__comment": "Model generated using MrCrayfish's Model Creator (http://mrcrayfish.com/modelcreator/), model by waterced1",
    "textures": {
        "particle": "blocks/blocks/log_big_oak",
        "0": "blocks/log_big_oak",
        "1": "blocks/planks_spruce",
        "2": "blocks/planks_big_oak",
        "3": "blocks/gold_block",
        "4": "blocks/cauldron_inner",
        "5": "blocks/quartz_block_side",
        "6": "blocks/cauldron_side"
    },
    "elements": [
        {
            "name": "pied1",
            "from": [ 1.0, -16.0, 1.0 ], 
            "to": [ 3.0, -14.0, 3.0 ], 
            "faces": {
                "north": { "texture": "#0", "uv": [ 4.0, 8.0, 6.0, 10.0 ] },
                "east": { "texture": "#0", "uv": [ 5.0, 2.0, 7.0, 4.0 ] },
                "south": { "texture": "#0", "uv": [ 1.0, 4.0, 3.0, 6.0 ] },
                "west": { "texture": "#0", "uv": [ 4.0, 3.0, 6.0, 5.0 ] },
                "up": { "texture": "#0", "uv": [ 3.0, 3.0, 5.0, 5.0 ] },
                "down": { "texture": "#0", "uv": [ 1.0, 2.0, 3.0, 4.0 ] }
            }
        },
        {
            "name": "pied2",
            "from": [ 13.0, -16.0, 1.0 ], 
            "to": [ 15.0, -14.0, 3.0 ], 
            "faces": {
                "north": { "texture": "#0", "uv": [ 4.0, 8.0, 6.0, 10.0 ] },
                "east": { "texture": "#0", "uv": [ 5.0, 2.0, 7.0, 4.0 ] },
                "south": { "texture": "#0", "uv": [ 1.0, 4.0, 3.0, 6.0 ] },
                "west": { "texture": "#0", "uv": [ 4.0, 3.0, 6.0, 5.0 ] },
                "up": { "texture": "#0", "uv": [ 3.0, 3.0, 5.0, 5.0 ] },
                "down": { "texture": "#0", "uv": [ 1.0, 2.0, 3.0, 4.0 ] }
            }
        },
        {
            "name": "pied3",
            "from": [ 1.0, -16.0, 13.0 ], 
            "to": [ 3.0, -14.0, 15.0 ], 
            "faces": {
                "north": { "texture": "#0", "uv": [ 4.0, 8.0, 6.0, 10.0 ] },
                "east": { "texture": "#0", "uv": [ 5.0, 2.0, 7.0, 4.0 ] },
                "south": { "texture": "#0", "uv": [ 1.0, 4.0, 3.0, 6.0 ] },
                "west": { "texture": "#0", "uv": [ 4.0, 3.0, 6.0, 5.0 ] },
                "up": { "texture": "#0", "uv": [ 3.0, 3.0, 5.0, 5.0 ] },
                "down": { "texture": "#0", "uv": [ 1.0, 2.0, 3.0, 4.0 ] }
            }
        },
        {
            "name": "pied4",
            "from": [ 13.0, -16.0, 13.0 ], 
            "to": [ 15.0, -14.0, 15.0 ], 
            "faces": {
                "north": { "texture": "#0", "uv": [ 4.0, 8.0, 6.0, 10.0 ] },
                "east": { "texture": "#0", "uv": [ 5.0, 2.0, 7.0, 4.0 ] },
                "south": { "texture": "#0", "uv": [ 1.0, 4.0, 3.0, 6.0 ] },
                "west": { "texture": "#0", "uv": [ 4.0, 3.0, 6.0, 5.0 ] },
                "up": { "texture": "#0", "uv": [ 3.0, 3.0, 5.0, 5.0 ] },
                "down": { "texture": "#0", "uv": [ 1.0, 2.0, 3.0, 4.0 ] }
            }
        },
        {
            "name": "base",
            "from": [ 1.0, -14.0, 1.0 ], 
            "to": [ 15.0, 0.0, 15.0 ], 
            "faces": {
                "north": { "texture": "#1", "uv": [ 0.0, 0.0, 14.0, 14.0 ] },
                "east": { "texture": "#1", "uv": [ 0.0, 0.0, 14.0, 14.0 ] },
                "south": { "texture": "#1", "uv": [ 0.0, 0.0, 14.0, 14.0 ] },
                "west": { "texture": "#1", "uv": [ 0.0, 0.0, 14.0, 14.0 ] },
                "up": { "texture": "#1", "uv": [ 0.0, 0.0, 14.0, 14.0 ] },
                "down": { "texture": "#1", "uv": [ 0.0, 0.0, 14.0, 14.0 ] }
            }
        },
        {
            "name": "a1",
            "from": [ 0.0, -14.0, 0.0 ], 
            "to": [ 16.0, -13.0, 1.0 ], 
            "faces": {
                "north": { "texture": "#0", "uv": [ 0.0, 5.0, 16.0, 6.0 ] },
                "east": { "texture": "#0", "uv": [ 0.0, 0.0, 1.0, 1.0 ] },
                "south": { "texture": "#0", "uv": [ 0.0, 4.0, 16.0, 5.0 ] },
                "west": { "texture": "#0", "uv": [ 3.0, 3.0, 4.0, 4.0 ] },
                "up": { "texture": "#0", "uv": [ 0.0, 5.0, 16.0, 6.0 ] },
                "down": { "texture": "#0", "uv": [ 0.0, 5.0, 16.0, 6.0 ] }
            }
        },
        {
            "name": "a2",
            "from": [ 0.0, -1.0, 0.0 ], 
            "to": [ 16.0, 0.0, 1.0 ], 
            "faces": {
                "north": { "texture": "#0", "uv": [ 0.0, 6.0, 16.0, 7.0 ] },
                "east": { "texture": "#0", "uv": [ 0.0, 4.0, 1.0, 5.0 ] },
                "south": { "texture": "#0", "uv": [ 0.0, 2.0, 16.0, 3.0 ] },
                "west": { "texture": "#0", "uv": [ 0.0, 0.0, 1.0, 1.0 ] },
                "up": { "texture": "#0", "uv": [ 0.0, 4.0, 16.0, 5.0 ] },
                "down": { "texture": "#0", "uv": [ 0.0, 6.0, 16.0, 7.0 ] }
            }
        },
        {
            "name": "a3",
            "from": [ 0.0, -1.0, 15.0 ], 
            "to": [ 16.0, 0.0, 16.0 ], 
            "faces": {
                "north": { "texture": "#0", "uv": [ 0.0, 5.0, 16.0, 6.0 ] },
                "east": { "texture": "#0", "uv": [ 0.0, 0.0, 1.0, 1.0 ] },
                "south": { "texture": "#0", "uv": [ 0.0, 12.0, 16.0, 13.0 ] },
                "west": { "texture": "#0", "uv": [ 1.0, 7.0, 2.0, 8.0 ] },
                "up": { "texture": "#0", "uv": [ 0.0, 6.0, 16.0, 7.0 ] },
                "down": { "texture": "#0", "uv": [ 0.0, 5.0, 16.0, 6.0 ] }
            }
        },
        {
            "name": "a4",
            "from": [ 0.0, -14.0, 15.0 ], 
            "to": [ 16.0, -13.0, 16.0 ], 
            "faces": {
                "north": { "texture": "#0", "uv": [ 0.0, 5.0, 16.0, 6.0 ] },
                "east": { "texture": "#0", "uv": [ 0.0, 5.0, 1.0, 6.0 ] },
                "south": { "texture": "#0", "uv": [ 0.0, 4.0, 16.0, 5.0 ] },
                "west": { "texture": "#0", "uv": [ 0.0, 3.0, 1.0, 4.0 ] },
                "up": { "texture": "#0", "uv": [ 0.0, 4.0, 16.0, 5.0 ] },
                "down": { "texture": "#0", "uv": [ 0.0, 0.0, 16.0, 1.0 ] }
            }
        },
        {
            "name": "a5",
            "from": [ 0.0, -14.0, 1.0 ], 
            "to": [ 1.0, -13.0, 15.0 ], 
            "faces": {
                "north": { "texture": "#0", "uv": [ 0.0, 0.0, 1.0, 1.0 ] },
                "east": { "texture": "#0", "uv": [ 1.0, 4.0, 15.0, 5.0 ] },
                "south": { "texture": "#0", "uv": [ 0.0, 0.0, 1.0, 1.0 ] },
                "west": { "texture": "#0", "uv": [ 0.0, 0.0, 14.0, 1.0 ] },
                "up": { "texture": "#0", "uv": [ 0.0, 0.0, 1.0, 14.0 ] },
                "down": { "texture": "#0", "uv": [ 0.0, 0.0, 1.0, 14.0 ] }
            }
        },
        {
            "name": "a6",
            "from": [ 15.0, -14.0, 1.0 ], 
            "to": [ 16.0, -13.0, 15.0 ], 
            "faces": {
                "north": { "texture": "#0", "uv": [ 0.0, 0.0, 1.0, 1.0 ] },
                "east": { "texture": "#0", "uv": [ 1.0, 4.0, 15.0, 5.0 ] },
                "south": { "texture": "#0", "uv": [ 0.0, 0.0, 1.0, 1.0 ] },
                "west": { "texture": "#0", "uv": [ 0.0, 0.0, 14.0, 1.0 ] },
                "up": { "texture": "#0", "uv": [ 0.0, 0.0, 1.0, 14.0 ] },
                "down": { "texture": "#0", "uv": [ 0.0, 0.0, 1.0, 14.0 ] }
            }
        },
        {
            "name": "a7",
            "from": [ 15.0, -1.0, 1.0 ], 
            "to": [ 16.0, 0.0, 15.0 ], 
            "faces": {
                "north": { "texture": "#0", "uv": [ 0.0, 0.0, 1.0, 1.0 ] },
                "east": { "texture": "#0", "uv": [ 1.0, 4.0, 15.0, 5.0 ] },
                "south": { "texture": "#0", "uv": [ 0.0, 0.0, 1.0, 1.0 ] },
                "west": { "texture": "#0", "uv": [ 0.0, 0.0, 14.0, 1.0 ] },
                "up": { "texture": "#0", "uv": [ 0.0, 0.0, 1.0, 14.0 ] },
                "down": { "texture": "#0", "uv": [ 0.0, 0.0, 1.0, 14.0 ] }
            }
        },
        {
            "name": "a8",
            "from": [ 0.0, -1.0, 1.0 ], 
            "to": [ 1.0, 0.0, 15.0 ], 
            "faces": {
                "north": { "texture": "#0", "uv": [ 0.0, 0.0, 1.0, 1.0 ] },
                "east": { "texture": "#0", "uv": [ 1.0, 4.0, 15.0, 5.0 ] },
                "south": { "texture": "#0", "uv": [ 0.0, 0.0, 1.0, 1.0 ] },
                "west": { "texture": "#0", "uv": [ 0.0, 0.0, 14.0, 1.0 ] },
                "up": { "texture": "#0", "uv": [ 0.0, 0.0, 1.0, 14.0 ] },
                "down": { "texture": "#0", "uv": [ 0.0, 0.0, 1.0, 14.0 ] }
            }
        },
        {
            "name": "a9",
            "from": [ 0.0, -13.0, 15.0 ], 
            "to": [ 1.0, -1.0, 16.0 ], 
            "faces": {
                "north": { "texture": "#0", "uv": [ 10.0, 0.0, 11.0, 12.0 ] },
                "east": { "texture": "#0", "uv": [ 3.0, 1.0, 4.0, 13.0 ] },
                "south": { "texture": "#0", "uv": [ 6.0, 1.0, 7.0, 13.0 ] },
                "west": { "texture": "#0", "uv": [ 4.0, 3.0, 5.0, 15.0 ] },
                "up": { "texture": "#0", "uv": [ 4.0, 1.0, 5.0, 2.0 ] },
                "down": { "texture": "#0", "uv": [ 0.0, 0.0, 1.0, 1.0 ] }
            }
        },
        {
            "name": "a10",
            "from": [ 15.0, -13.0, 0.0 ], 
            "to": [ 16.0, -1.0, 1.0 ], 
            "faces": {
                "north": { "texture": "#0", "uv": [ 0.0, 0.0, 1.0, 12.0 ] },
                "east": { "texture": "#0", "uv": [ 10.0, 2.0, 11.0, 14.0 ] },
                "south": { "texture": "#0", "uv": [ 11.0, 1.0, 12.0, 13.0 ] },
                "west": { "texture": "#0", "uv": [ 2.0, 3.0, 3.0, 15.0 ] },
                "up": { "texture": "#0", "uv": [ 4.0, 1.0, 5.0, 2.0 ] },
                "down": { "texture": "#0", "uv": [ 0.0, 0.0, 1.0, 1.0 ] }
            }
        },
        {
            "name": "a11",
            "from": [ 15.0, -13.0, 15.0 ], 
            "to": [ 16.0, -1.0, 16.0 ], 
            "faces": {
                "north": { "texture": "#0", "uv": [ 2.0, 0.0, 3.0, 12.0 ] },
                "east": { "texture": "#0", "uv": [ 3.0, 1.0, 4.0, 13.0 ] },
                "south": { "texture": "#0", "uv": [ 6.0, 1.0, 7.0, 13.0 ] },
                "west": { "texture": "#0", "uv": [ 11.0, 2.0, 12.0, 14.0 ] },
                "up": { "texture": "#0", "uv": [ 4.0, 1.0, 5.0, 2.0 ] },
                "down": { "texture": "#0", "uv": [ 0.0, 0.0, 1.0, 1.0 ] }
            }
        },
        {
            "name": "a12",
            "from": [ 0.0, -13.0, 0.0 ], 
            "to": [ 1.0, -1.0, 1.0 ], 
            "faces": {
                "north": { "texture": "#0", "uv": [ 4.0, 0.0, 5.0, 12.0 ] },
                "east": { "texture": "#0", "uv": [ 10.0, 3.0, 11.0, 15.0 ] },
                "south": { "texture": "#0", "uv": [ 8.0, 2.0, 9.0, 14.0 ] },
                "west": { "texture": "#0", "uv": [ 7.0, 3.0, 8.0, 15.0 ] },
                "up": { "texture": "#0", "uv": [ 4.0, 1.0, 5.0, 2.0 ] },
                "down": { "texture": "#0", "uv": [ 0.0, 0.0, 1.0, 1.0 ] }
            }
        },
        {
            "name": "body1",
            "from": [ 2.0, 0.0, 2.0 ], 
            "to": [ 14.0, 2.0, 14.0 ], 
            "faces": {
                "north": { "texture": "#0", "uv": [ 0.0, 12.0, 12.0, 16.0 ] },
                "east": { "texture": "#0", "uv": [ 0.0, 12.0, 12.0, 16.0 ] },
                "south": { "texture": "#0", "uv": [ 0.0, 12.0, 12.0, 16.0 ] },
                "west": { "texture": "#0", "uv": [ 0.0, 12.0, 12.0, 16.0 ] },
                "up": { "texture": "#2", "uv": [ 2.0, 1.0, 14.0, 13.0 ] },
                "down": { "texture": "#0", "uv": [ 0.0, 0.0, 12.0, 12.0 ] }
            }
        },
        {
            "name": "body2",
            "from": [ 2.0, 2.0, 3.0 ], 
            "to": [ 3.0, 18.0, 13.0 ], 
            "faces": {
                "north": { "texture": "#0", "uv": [ 0.0, 0.0, 1.0, 16.0 ] },
                "east": { "texture": "#2", "uv": [ 0.0, 0.0, 10.0, 16.0 ] },
                "south": { "texture": "#0", "uv": [ 0.0, 0.0, 1.0, 16.0 ] },
                "west": { "texture": "#0", "uv": [ 0.0, 0.0, 10.0, 16.0 ] },
                "up": { "texture": "#0", "uv": [ 0.0, 0.0, 1.0, 10.0 ] },
                "down": { "texture": "#0", "uv": [ 0.0, 0.0, 1.0, 10.0 ] }
            }
        },
        {
            "name": "body3",
            "from": [ 2.0, 2.0, 2.0 ], 
            "to": [ 14.0, 18.0, 3.0 ], 
            "faces": {
                "north": { "texture": "#0", "uv": [ 0.0, 0.0, 12.0, 16.0 ] },
                "east": { "texture": "#0", "uv": [ 0.0, 0.0, 1.0, 16.0 ] },
                "south": { "texture": "#2", "uv": [ 0.0, 0.0, 12.0, 16.0 ] },
                "west": { "texture": "#0", "uv": [ 0.0, 0.0, 1.0, 16.0 ] },
                "up": { "texture": "#0", "uv": [ 0.0, 0.0, 12.0, 1.0 ] },
                "down": { "texture": "#0", "uv": [ 0.0, 0.0, 12.0, 1.0 ] }
            }
        },
        {
            "name": "body4",
            "from": [ 13.0, 2.0, 3.0 ], 
            "to": [ 14.0, 18.0, 13.0 ], 
            "faces": {
                "north": { "texture": "#0", "uv": [ 0.0, 0.0, 1.0, 16.0 ] },
                "east": { "texture": "#0", "uv": [ 0.0, 0.0, 10.0, 16.0 ] },
                "south": { "texture": "#0", "uv": [ 0.0, 0.0, 1.0, 16.0 ] },
                "west": { "texture": "#2", "uv": [ 0.0, 0.0, 10.0, 16.0 ] },
                "up": { "texture": "#0", "uv": [ 0.0, 0.0, 1.0, 10.0 ] },
                "down": { "texture": "#0", "uv": [ 0.0, 0.0, 1.0, 10.0 ] }
            }
        },
        {
            "name": "body5",
            "from": [ 2.0, 2.0, 13.0 ], 
            "to": [ 14.0, 4.0, 14.0 ], 
            "faces": {
                "north": { "texture": "#0", "uv": [ 0.0, 0.0, 12.0, 2.0 ] },
                "east": { "texture": "#0", "uv": [ 0.0, 0.0, 1.0, 2.0 ] },
                "south": { "texture": "#0", "uv": [ 0.0, 0.0, 12.0, 2.0 ] },
                "west": { "texture": "#0", "uv": [ 0.0, 0.0, 1.0, 2.0 ] },
                "up": { "texture": "#0", "uv": [ 0.0, 0.0, 12.0, 1.0 ] },
                "down": { "texture": "#0", "uv": [ 0.0, 0.0, 12.0, 1.0 ] }
            }
        },
        {
            "name": "body6",
            "from": [ 2.0, 4.0, 13.0 ], 
            "to": [ 5.0, 7.0, 14.0 ], 
            "faces": {
                "north": { "texture": "#0", "uv": [ 4.0, 6.0, 7.0, 9.0 ] },
                "east": { "texture": "#0", "uv": [ 3.0, 4.0, 4.0, 7.0 ] },
                "south": { "texture": "#0", "uv": [ 1.0, 5.0, 4.0, 8.0 ] },
                "west": { "texture": "#0", "uv": [ 2.0, 4.0, 3.0, 7.0 ] },
                "up": { "texture": "#0", "uv": [ 0.0, 0.0, 3.0, 1.0 ] },
                "down": { "texture": "#0", "uv": [ 0.0, 0.0, 3.0, 1.0 ] }
            }
        },
        {
            "name": "body7",
            "from": [ 11.0, 4.0, 13.0 ], 
            "to": [ 14.0, 7.0, 14.0 ], 
            "faces": {
                "north": { "texture": "#0", "uv": [ 4.0, 6.0, 7.0, 9.0 ] },
                "east": { "texture": "#0", "uv": [ 3.0, 4.0, 4.0, 7.0 ] },
                "south": { "texture": "#0", "uv": [ 1.0, 5.0, 4.0, 8.0 ] },
                "west": { "texture": "#0", "uv": [ 2.0, 4.0, 3.0, 7.0 ] },
                "up": { "texture": "#0", "uv": [ 0.0, 0.0, 3.0, 1.0 ] },
                "down": { "texture": "#0", "uv": [ 0.0, 0.0, 3.0, 1.0 ] }
            }
        },
        {
            "name": "body8",
            "from": [ 12.0, 7.0, 13.0 ], 
            "to": [ 14.0, 13.0, 14.0 ], 
            "faces": {
                "north": { "texture": "#0", "uv": [ 4.0, 6.0, 6.0, 12.0 ] },
                "east": { "texture": "#0", "uv": [ 3.0, 4.0, 4.0, 10.0 ] },
                "south": { "texture": "#0", "uv": [ 1.0, 5.0, 3.0, 11.0 ] },
                "west": { "texture": "#0", "uv": [ 2.0, 4.0, 3.0, 10.0 ] },
                "up": { "texture": "#0", "uv": [ 0.0, 0.0, 2.0, 1.0 ] },
                "down": { "texture": "#0", "uv": [ 0.0, 0.0, 2.0, 1.0 ] }
            }
        },
        {
            "name": "body9",
            "from": [ 2.0, 7.0, 13.0 ], 
            "to": [ 4.0, 13.0, 14.0 ], 
            "faces": {
                "north": { "texture": "#0", "uv": [ 4.0, 6.0, 6.0, 12.0 ] },
                "east": { "texture": "#0", "uv": [ 3.0, 4.0, 4.0, 10.0 ] },
                "south": { "texture": "#0", "uv": [ 2.0, 7.0, 4.0, 13.0 ] },
                "west": { "texture": "#0", "uv": [ 2.0, 4.0, 3.0, 10.0 ] },
                "up": { "texture": "#0", "uv": [ 0.0, 0.0, 2.0, 1.0 ] },
                "down": { "texture": "#0", "uv": [ 0.0, 0.0, 2.0, 1.0 ] }
            }
        },
        {
            "name": "body10",
            "from": [ 11.0, 13.0, 13.0 ], 
            "to": [ 14.0, 15.0, 14.0 ], 
            "faces": {
                "north": { "texture": "#0", "uv": [ 4.0, 6.0, 7.0, 8.0 ] },
                "east": { "texture": "#0", "uv": [ 3.0, 4.0, 4.0, 6.0 ] },
                "south": { "texture": "#0", "uv": [ 1.0, 5.0, 4.0, 7.0 ] },
                "west": { "texture": "#0", "uv": [ 2.0, 4.0, 3.0, 6.0 ] },
                "up": { "texture": "#0", "uv": [ 0.0, 0.0, 3.0, 1.0 ] },
                "down": { "texture": "#0", "uv": [ 0.0, 0.0, 3.0, 1.0 ] }
            }
        },
        {
            "name": "body11",
            "from": [ 2.0, 13.0, 13.0 ], 
            "to": [ 5.0, 15.0, 14.0 ], 
            "faces": {
                "north": { "texture": "#0", "uv": [ 4.0, 6.0, 7.0, 8.0 ] },
                "east": { "texture": "#0", "uv": [ 3.0, 4.0, 4.0, 6.0 ] },
                "south": { "texture": "#0", "uv": [ 1.0, 5.0, 4.0, 7.0 ] },
                "west": { "texture": "#0", "uv": [ 2.0, 4.0, 3.0, 6.0 ] },
                "up": { "texture": "#0", "uv": [ 0.0, 0.0, 3.0, 1.0 ] },
                "down": { "texture": "#0", "uv": [ 0.0, 0.0, 3.0, 1.0 ] }
            }
        },
        {
            "name": "body12",
            "from": [ 2.0, 15.0, 13.0 ], 
            "to": [ 14.0, 18.0, 14.0 ], 
            "faces": {
                "north": { "texture": "#0", "uv": [ 0.0, 0.0, 12.0, 3.0 ] },
                "east": { "texture": "#0", "uv": [ 0.0, 0.0, 1.0, 3.0 ] },
                "south": { "texture": "#0", "uv": [ 3.0, 10.0, 15.0, 13.0 ] },
                "west": { "texture": "#0", "uv": [ 0.0, 0.0, 1.0, 3.0 ] },
                "up": { "texture": "#0", "uv": [ 0.0, 0.0, 12.0, 1.0 ] },
                "down": { "texture": "#0", "uv": [ 0.0, 0.0, 12.0, 1.0 ] }
            }
        },
        {
            "name": "pendulum1",
            "from": [ 6.0, 4.0, 8.0 ], 
            "to": [ 10.0, 8.0, 10.0 ], 
            "faces": {
                "north": { "texture": "#3", "uv": [ 5.0, 6.0, 9.0, 10.0 ] },
                "east": { "texture": "#3", "uv": [ 13.0, 10.0, 15.0, 14.0 ] },
                "south": { "texture": "#3", "uv": [ 12.0, 12.0, 16.0, 16.0 ] },
                "west": { "texture": "#3", "uv": [ 3.0, 4.0, 5.0, 8.0 ] },
                "up": { "texture": "#3", "uv": [ 8.0, 9.0, 12.0, 11.0 ] },
                "down": { "texture": "#3", "uv": [ 8.0, 7.0, 12.0, 9.0 ] }
            }
        },
        {
            "name": "pendululum2",
            "from": [ 7.499999992549419, 8.0, 8.0 ], 
            "to": [ 8.49999999254942, 17.0, 9.0 ], 
            "faces": {
                "north": { "texture": "#4", "uv": [ 5.0, 3.0, 6.0, 12.0 ] },
                "east": { "texture": "#4", "uv": [ 13.0, 3.0, 14.0, 12.0 ] },
                "south": { "texture": "#4", "uv": [ 8.0, 6.0, 9.0, 15.0 ] },
                "west": { "texture": "#4", "uv": [ 6.0, 2.0, 7.0, 11.0 ] },
                "up": { "texture": "#4", "uv": [ 8.0, 9.0, 9.0, 10.0 ] },
                "down": { "texture": "#4", "uv": [ 8.0, 7.0, 9.0, 8.0 ] }
            }
        },
        {
            "name": "top1",
            "from": [ 3.0, 20.0, 2.0 ], 
            "to": [ 13.0, 30.0, 12.0 ], 
            "faces": {
                "north": { "texture": "#5", "uv": [ 2.0, 2.0, 12.0, 12.0 ] },
                "east": { "texture": "#5", "uv": [ 2.0, 2.0, 12.0, 12.0 ] },
                "south": { "texture": "#5", "uv": [ 2.0, 2.0, 12.0, 12.0 ] },
                "west": { "texture": "#5", "uv": [ 1.0, 3.0, 11.0, 13.0 ] },
                "up": { "texture": "#5", "uv": [ 2.0, 2.0, 12.0, 12.0 ] },
                "down": { "texture": "#5", "uv": [ 1.0, 1.0, 11.0, 11.0 ] }
            }
        },
        {
            "name": "top2",
            "from": [ 1.5000000074505806, 18.0, 0.0 ], 
            "to": [ 14.50000000745058, 31.0, 11.0 ], 
            "faces": {
                "north": { "texture": "#0", "uv": [ 2.0, 2.0, 16.0, 16.0 ] },
                "east": { "texture": "#0", "uv": [ 2.0, 2.0, 13.0, 16.0 ] },
                "south": { "texture": "#0", "uv": [ 2.0, 2.0, 16.0, 16.0 ] },
                "west": { "texture": "#0", "uv": [ 1.0, 2.0, 16.0, 15.0 ] },
                "up": { "texture": "#0", "uv": [ 2.0, 1.0, 14.0, 13.0 ] },
                "down": { "texture": "#2", "uv": [ 1.0, 1.0, 15.0, 12.0 ] }
            }
        },
        {
            "name": "top3",
            "from": [ 0.4999999925494194, 18.0, 11.0 ], 
            "to": [ 3.0, 32.0, 15.0 ], 
            "faces": {
                "north": { "texture": "#2", "uv": [ 0.0, 0.0, 3.0, 15.0 ] },
                "east": { "texture": "#1", "uv": [ 0.0, 0.0, 4.0, 15.0 ] },
                "south": { "texture": "#0", "uv": [ 0.0, 0.0, 3.0, 15.0 ] },
                "west": { "texture": "#0", "uv": [ 0.0, 0.0, 4.0, 15.0 ] },
                "up": { "texture": "#0", "uv": [ 0.0, 0.0, 3.0, 4.0 ] },
                "down": { "texture": "#0", "uv": [ 0.0, 0.0, 3.0, 4.0 ] }
            }
        },
        {
            "name": "top4",
            "from": [ 13.0, 18.0, 11.0 ], 
            "to": [ 15.50000000745058, 32.0, 15.0 ], 
            "faces": {
                "north": { "texture": "#2", "uv": [ 3.0, 1.0, 6.0, 16.0 ] },
                "east": { "texture": "#0", "uv": [ 5.0, 0.0, 9.0, 15.0 ] },
                "south": { "texture": "#0", "uv": [ 11.0, 0.0, 14.0, 15.0 ] },
                "west": { "texture": "#1", "uv": [ 12.0, 0.0, 16.0, 15.0 ] },
                "up": { "texture": "#0", "uv": [ 3.0, 2.0, 6.0, 6.0 ] },
                "down": { "texture": "#0", "uv": [ 3.0, 3.0, 6.0, 7.0 ] }
            }
        },
        {
            "name": "top5",
            "from": [ 3.0, 30.0, 11.0 ], 
            "to": [ 13.0, 32.0, 15.0 ], 
            "faces": {
                "north": { "texture": "#2", "uv": [ 3.0, 1.0, 13.0, 4.0 ] },
                "east": { "texture": "#0", "uv": [ 5.0, 0.0, 9.0, 3.0 ] },
                "south": { "texture": "#0", "uv": [ 11.0, 0.0, 21.0, 3.0 ] },
                "west": { "texture": "#0", "uv": [ 4.0, 1.0, -3.0, 8.0 ] },
                "up": { "texture": "#0", "uv": [ 3.0, 2.0, 13.0, 6.0 ] },
                "down": { "texture": "#1", "uv": [ 3.0, 3.0, 13.0, 7.0 ] }
            }
        },
        {
            "name": "top6",
            "from": [ 3.0, 18.0, 11.0 ], 
            "to": [ 13.0, 20.0, 15.0 ], 
            "faces": {
                "north": { "texture": "#2", "uv": [ 3.0, 1.0, 13.0, 4.0 ] },
                "east": { "texture": "#0", "uv": [ 5.0, 0.0, 9.0, 3.0 ] },
                "south": { "texture": "#0", "uv": [ 4.0, 1.0, 14.0, 4.0 ] },
                "west": { "texture": "#0", "uv": [ 4.0, 1.0, 8.0, 4.0 ] },
                "up": { "texture": "#1", "uv": [ 3.0, 2.0, 13.0, 6.0 ] },
                "down": { "texture": "#0", "uv": [ 3.0, 3.0, 13.0, 7.0 ] }
            }
        },
        {
            "name": "clock1",
            "from": [ 7.500000007450581, 25.0, 12.0 ], 
            "to": [ 8.50000000745058, 29.0, 13.0 ], 
            "faces": {
                "north": { "texture": "#6", "uv": [ 0.0, 0.0, 1.0, 4.0 ] },
                "east": { "texture": "#6", "uv": [ 2.0, 0.0, 3.0, 4.0 ] },
                "south": { "texture": "#6", "uv": [ 3.0, 3.0, 4.0, 7.0 ] },
                "west": { "texture": "#6", "uv": [ 3.0, 2.0, 4.0, 6.0 ] },
                "up": { "texture": "#6", "uv": [ 0.0, 0.0, 1.0, 1.0 ] },
                "down": { "texture": "#6", "uv": [ 2.0, 6.0, 3.0, 7.0 ] }
            }
        },
        {
            "name": "clock2",
            "from": [ 7.500000007450581, 25.0, 12.0 ], 
            "to": [ 8.50000000745058, 28.0, 13.0 ], 
            "rotation": { "origin": [ 7.5, 25.0, 12.0 ], "axis": "z", "angle": -45.0 },
            "faces": {
                "north": { "texture": "#6", "uv": [ 0.0, 0.0, 1.0, 3.0 ] },
                "east": { "texture": "#6", "uv": [ 2.0, 0.0, 3.0, 3.0 ] },
                "south": { "texture": "#6", "uv": [ 3.0, 3.0, 4.0, 6.0 ] },
                "west": { "texture": "#6", "uv": [ 3.0, 2.0, 4.0, 5.0 ] },
                "up": { "texture": "#6", "uv": [ 0.0, 0.0, 1.0, 1.0 ] },
                "down": { "texture": "#6", "uv": [ 2.0, 6.0, 3.0, 7.0 ] }
            }
        },
        {
            "name": "drawer1",
            "from": [ 3.0, -10.0, 15.0 ], 
            "to": [ 13.0, -4.0, 16.0 ], 
            "faces": {
                "north": { "texture": "#0", "uv": [ 0.0, 0.0, 10.0, 6.0 ] },
                "east": { "texture": "#0", "uv": [ 0.0, 0.0, 1.0, 6.0 ] },
                "south": { "texture": "#0", "uv": [ 4.0, 4.0, 14.0, 10.0 ] },
                "west": { "texture": "#0", "uv": [ 0.0, 0.0, 1.0, 6.0 ] },
                "up": { "texture": "#0", "uv": [ 0.0, 0.0, 10.0, 1.0 ] },
                "down": { "texture": "#0", "uv": [ 0.0, 0.0, 10.0, 1.0 ] }
            }
        },
        {
            "name": "drawer2",
            "from": [ 5.0, -6.0, 16.0 ], 
            "to": [ 11.0, -5.0, 17.0 ], 
            "faces": {
                "north": { "texture": "#6", "uv": [ 0.0, 6.0, 6.0, 7.0 ] },
                "east": { "texture": "#6", "uv": [ 6.0, 7.0, 7.0, 8.0 ] },
                "south": { "texture": "#6", "uv": [ 0.0, 12.0, 6.0, 13.0 ] },
                "west": { "texture": "#6", "uv": [ 0.0, 4.0, 1.0, 5.0 ] },
                "up": { "texture": "#6", "uv": [ 0.0, 0.0, 6.0, 1.0 ] },
                "down": { "texture": "#6", "uv": [ 5.0, 4.0, 11.0, 5.0 ] }
            }
        }
    ],
    "display": {
        "gui": {
            "rotation": [ 45, 45, 0 ],
            "scale": [ 0.35, 0.35, 0.35 ],
			"translation": [ 0, -0.5, 0 ]
		},
		"firstperson_righthand": {
			"scale": [ 0.5, 0.5, 0.5]
		},
		"firstperson_lefthand": {
			"scale": [ 0.5, 0.5, 0.5]
		},
		"thirdperson_righthand": {
			"scale": [ 0.5, 0.5, 0.5]
		},
		"thirdperson_lefthand": {
			"scale": [ 0.5, 0.5, 0.5]
		},
		"head": {
			"translation": [ 0, -8.5, 0],
			"scale": [ 1.6, 1.6, 1.6]
		},
		"ground": {
			"translation": [ 0, 3, 0],
			"scale": [ 0.25, 0.25, 0.25]
		},
		"fixed": {
			"rotation": [ 0, 180, 0 ],
			"translation": [ 0, 1, 0],
			"scale": [ 0.5, 0.5, 0.5]
		}
    }
}