{
"__comment": "Designed by Geenium with BDcraft Cubik PRO 0.95 Beta - http://bdcraft.net/cubik",
"ambientocclusion": false,
"parent": "block/block",
"textures": {
    "helmet": "items/hats/mining_helmet",
    "light": "items/hats/mining_light"
},
"elements": [ 
{
    "from": [ 0.5, 11, 0.5 ],
    "to": [ 15.5, 16, 15.5 ],
    "faces": {
        "down":  { "uv": [ 15.999, 15.999, 0.001, 0.001 ], "texture": "#helmet" },
        "up":    { "uv": [ 0.001, 0.001, 15.999, 15.999 ], "texture": "#helmet" },
        "north": { "uv": [ 0.001, 11.001, 15.999, 15.999 ], "texture": "#helmet" },
        "south": { "uv": [ 0.001, 1.501, 15.999, 6.499 ], "texture": "#helmet" },
        "west":  { "uv": [ 0.001, 8.501, 15.999, 13.499 ], "texture": "#helmet" },
        "east":  { "uv": [ 0.001, 6.501, 15.999, 11.499 ], "texture": "#helmet" }
    }
},
{
    "from": [ 0, 11.001, 0 ],
    "to": [ 16, 12.5, 16 ],
    "faces": {
        "down":  { "uv": [ 0.001, 4.001, 0.999, 4.999 ], "texture": "#light" },
        "up":    { "uv": [ 0.001, 4.001, 0.999, 4.999 ], "texture": "#light" },
        "north": { "uv": [ 0.001, 4.001, 15.999, 5.499 ], "texture": "#light" },
        "south": { "uv": [ 0.001, 4.001, 15.999, 5.499 ], "texture": "#light" },
        "west":  { "uv": [ 0.001, 5.001, 15.999, 6.499 ], "texture": "#light" },
        "east":  { "uv": [ 0.001, 5.001, 15.999, 6.499 ], "texture": "#light" }
    }
},
{
    "from": [ 6.5, 12.5, 0 ],
    "to": [ 9.5, 16.5, 16 ],
    "faces": {
        "up":    { "uv": [ 0.001, 4.001, 15.999, 6.999 ], "rotation": 90, "texture": "#light" },
        "north": { "uv": [ 7.001, 4.001, 10.999, 6.999 ], "rotation": 90, "texture": "#light" },
        "south": { "uv": [ 4.001, 4.001, 7.999, 6.999 ], "rotation": 270, "texture": "#light" },
        "west":  { "uv": [ 0.001, 4.001, 15.999, 4.999 ], "texture": "#light" },
        "east":  { "uv": [ 0.001, 6.001, 15.999, 6.999 ], "texture": "#light" }
    }
},
{
    "from": [ 5, 11, -1 ],
    "to": [ 11, 13, 0 ],
    "faces": {
        "north": { "uv": [ 0.001, 8.001, 5.999, 9.999 ], "texture": "#light" }
    }
},
{
    "from": [ 5, 13, -1.5 ],
    "to": [ 11, 13.5, 0.5 ],
    "faces": {
        "down":  { "uv": [ 2.001, 0.001, 8.999, 0.999 ], "texture": "#light" },
        "up":    { "uv": [ 2.001, 0.001, 8.999, 0.999 ], "texture": "#light" },
        "north": { "uv": [ 8.999, 0.001, 2.001, 0.999 ], "texture": "#light" }
    }
},
{
    "from": [ 4.5, 10.5, -1.5 ],
    "to": [ 5, 13.5, 0.5 ],
    "faces": {
        "down":  { "uv": [ 10.001, 2.001, 10.999, 2.999 ], "texture": "#light" },
        "up":    { "uv": [ 10.001, 0.001, 10.999, 0.999 ], "texture": "#light" },
        "north": { "uv": [ 10.001, 0.001, 10.999, 2.999 ], "texture": "#light" },
        "south": { "uv": [ 10.001, 0.001, 10.999, 2.999 ], "texture": "#light" },
        "west":  { "uv": [ 10.001, 0.001, 10.999, 2.999 ], "texture": "#light" },
        "east":  { "uv": [ 10.001, 0.001, 10.999, 2.999 ], "texture": "#light" }
    }
},
{
    "from": [ 11, 10.5, -1.5 ],
    "to": [ 11.5, 13.5, 0.5 ],
    "faces": {
        "down":  { "uv": [ 0.001, 2.001, 0.999, 2.999 ], "texture": "#light" },
        "up":    { "uv": [ 0.001, 0.001, 0.999, 0.999 ], "texture": "#light" },
        "north": { "uv": [ 0.001, 0.001, 0.999, 2.999 ], "texture": "#light" },
        "south": { "uv": [ 0.001, 0.001, 0.999, 2.999 ], "texture": "#light" },
        "west":  { "uv": [ 0.001, 0.001, 0.999, 2.999 ], "texture": "#light" },
        "east":  { "uv": [ 0.001, 0.001, 0.999, 2.999 ], "texture": "#light" }
    }
},
{
    "from": [ 5, 10.5, -1.5 ],
    "to": [ 11, 11, 0.5 ],
    "faces": {
        "down":  { "uv": [ 2.001, 2.001, 8.999, 2.999 ], "texture": "#light" },
        "up":    { "uv": [ 2.001, 2.001, 8.999, 2.999 ], "texture": "#light" },
        "north": { "uv": [ 8.999, 2.001, 2.001, 2.999 ], "texture": "#light" },
        "south": { "uv": [ 2.001, 2.001, 8.999, 2.999 ], "texture": "#light" }
    }
},
{
    "from": [ 2.5, 16, 2.5 ],
    "to": [ 13.5, 18.5, 13.5 ],
    "faces": {
        "up":    { "uv": [ 2.501, 2.501, 13.499, 13.499 ], "texture": "#helmet" },
        "north": { "uv": [ 2.501, 4.501, 13.499, 6.999 ], "texture": "#helmet" },
        "south": { "uv": [ 2.501, 4.501, 13.499, 6.999 ], "texture": "#helmet" },
        "west":  { "uv": [ 2.501, 9.501, 13.499, 11.999 ], "texture": "#helmet" },
        "east":  { "uv": [ 2.501, 9.501, 13.499, 11.999 ], "texture": "#helmet" }
    }
},
{
    "from": [ 6.5, 16.5, 2 ],
    "to": [ 9.5, 19, 14 ],
    "faces": {
        "up":    { "uv": [ 1.001, 4.001, 13.999, 6.999 ], "rotation": 90, "texture": "#light" },
        "north": { "uv": [ 0.001, 4.001, 2.499, 6.999 ], "rotation": 90, "texture": "#light" },
        "south": { "uv": [ 13.501, 4.001, 15.999, 6.999 ], "rotation": 270, "texture": "#light" },
        "west":  { "uv": [ 2.001, 4.001, 14.999, 6.999 ], "texture": "#light" },
        "east":  { "uv": [ 3.001, 4.001, 15.999, 6.999 ], "texture": "#light" }
    }
}
],"display": {
        "gui": {
            "rotation": [ 30, 225, 0 ],
            "translation": [ 0, -2, 0 ],
            "scale": [ 0.6, 0.6, 0.6 ]
        },
        "fixed": {
            "rotation": [ 0, 180, 0 ],
            "translation": [ 0, -4, 4],
            "scale":[ 1, 1, 1 ]
        },
        "ground": {
            "rotation": [ 0, 0, 0 ],
            "translation": [ 0, 1, 0 ],
            "scale": [ 0.3, 0.3, 0.3 ]
        }
        }
    }
}