{
    "__comment": "Model generated using MrCrayfish's Model Creator (http://mrcrayfish.com/modelcreator/)",
    "textures": {
        "0": "items/tools/sonicscrewdriver/sonic4",
        "1": "blocks/stonebrick",
        "2": "blocks/glass_blue"
    },
    "elements": [
        {
            "name": "Cube",
            "from": [ 7.5, 1.0, 7.5 ], 
            "to": [ 8.5, 7.0, 8.5 ], 
            "faces": {
                "north": { "texture": "#0", "uv": [ 10.0, 0.0, 12.0, 9.0 ] },
                "east": { "texture": "#0", "uv": [ 8.0, 0.0, 10.0, 9.0 ] },
                "south": { "texture": "#0", "uv": [ 14.0, 0.0, 16.0, 9.0 ] },
                "west": { "texture": "#0", "uv": [ 12.0, 0.0, 14.0, 9.0 ] },
                "up": { "texture": "#0", "uv": [ 2.0, 0.0, 5.0, 0.0 ] },
                "down": { "texture": "#0", "uv": [ 1.0, 1.0, 2.0, 1.0 ] }
            }
        },
        {
            "name": "Cube",
            "from": [ 7.6, 2.3, 7.4 ], 
            "to": [ 8.4, 3.0999999999999996, 7.5 ], 
            "faces": {
                "north": { "texture": "#1", "uv": [ 8.0, 1.0, 10.0, 3.0 ] },
                "east": { "texture": "#1", "uv": [ 0.0, 0.0, 0.1, 0.8 ] },
                "south": { "texture": "#1", "uv": [ 0.0, 0.0, 0.8, 0.8 ] },
                "west": { "texture": "#1", "uv": [ 0.0, 0.0, 0.1, 0.8 ] },
                "up": { "texture": "#1", "uv": [ 0.0, 0.0, 0.8, 0.1 ] },
                "down": { "texture": "#1", "uv": [ 0.0, 0.0, 0.8, 0.1 ] }
            }
        },
        {
            "name": "Cube",
            "from": [ 7.6, 7.0, 7.6 ], 
            "to": [ 8.4, 7.1, 8.4 ], 
            "faces": {
                "north": { "texture": "#0", "uv": [ 13.0, 4.0, 13.0, 5.0 ], "rotation": 270 },
                "east": { "texture": "#0", "uv": [ 13.0, 3.0, 13.0, 4.0 ], "rotation": 270 },
                "south": { "texture": "#0", "uv": [ 13.0, 3.0, 13.0, 4.0 ], "rotation": 270 },
                "west": { "texture": "#0", "uv": [ 13.0, 3.0, 13.0, 4.0 ], "rotation": 270 },
                "up": { "texture": "#0", "uv": [ 14.0, 4.0, 15.6, 5.6 ] },
                "down": { "texture": "#0", "uv": [ 13.0, 4.0, 13.8, 4.8 ] }
            }
        },
        {
            "name": "Cube",
            "from": [ 7.6, 7.1, 7.6 ], 
            "to": [ 8.4, 7.3999999999999995, 8.4 ], 
            "faces": {
                "north": { "texture": "#1", "uv": [ 11.0, 4.0, 13.0, 5.0 ] },
                "east": { "texture": "#1", "uv": [ 9.0, 9.0, 11.0, 10.0 ] },
                "south": { "texture": "#1", "uv": [ 13.0, 3.0, 15.0, 4.0 ] },
                "west": { "texture": "#1", "uv": [ 9.0, 3.0, 11.0, 4.0 ] },
                "up": { "texture": "#1", "uv": [ 13.0, 3.0, 15.0, 5.0 ] },
                "down": { "texture": "#1", "uv": [ 13.0, 2.0, 14.0, 3.0 ] }
            }
        },
        {
            "name": "Cube",
            "from": [ 7.5, 8.3, 7.5 ], 
            "to": [ 8.5, 8.600000000000001, 8.5 ], 
            "faces": {
                "north": { "texture": "#1", "uv": [ 11.0, 4.0, 13.0, 5.0 ] },
                "east": { "texture": "#1", "uv": [ 9.0, 9.0, 11.0, 10.0 ] },
                "south": { "texture": "#1", "uv": [ 13.0, 3.0, 15.0, 4.0 ] },
                "west": { "texture": "#1", "uv": [ 9.0, 3.0, 11.0, 4.0 ] },
                "up": { "texture": "#1", "uv": [ 13.0, 3.0, 15.0, 5.0 ] },
                "down": { "texture": "#1", "uv": [ 13.0, 2.0, 14.0, 3.0 ] }
            }
        },
        {
            "name": "Cube",
            "from": [ 7.5, 7.2, 7.5 ], 
            "to": [ 7.8, 8.3, 7.8 ], 
            "faces": {
                "north": { "texture": "#1", "uv": [ 11.0, 4.0, 12.0, 7.0 ] },
                "east": { "texture": "#1", "uv": [ 9.0, 9.0, 10.0, 12.0 ] },
                "south": { "texture": "#1", "uv": [ 13.0, 3.0, 14.0, 6.0 ] },
                "west": { "texture": "#1", "uv": [ 9.0, 3.0, 9.0, 6.0 ] },
                "up": { "texture": "#1", "uv": [ 13.0, 3.0, 14.0, 3.0 ] },
                "down": { "texture": "#1", "uv": [ 13.0, 2.0, 14.0, 3.0 ] }
            }
        },
        {
            "name": "Cube",
            "from": [ 7.5, 7.2, 8.2 ], 
            "to": [ 7.8, 8.3, 8.5 ], 
            "faces": {
                "north": { "texture": "#1", "uv": [ 11.0, 4.0, 12.0, 7.0 ] },
                "east": { "texture": "#1", "uv": [ 9.0, 9.0, 10.0, 12.0 ] },
                "south": { "texture": "#1", "uv": [ 13.0, 3.0, 14.0, 6.0 ] },
                "west": { "texture": "#1", "uv": [ 9.0, 3.0, 9.0, 6.0 ] },
                "up": { "texture": "#1", "uv": [ 13.0, 3.0, 14.0, 3.0 ] },
                "down": { "texture": "#1", "uv": [ 13.0, 2.0, 14.0, 3.0 ] }
            }
        },
        {
            "name": "Cube",
            "from": [ 8.2, 7.2, 8.2 ], 
            "to": [ 8.5, 8.3, 8.5 ], 
            "faces": {
                "north": { "texture": "#1", "uv": [ 11.0, 4.0, 12.0, 7.0 ] },
                "east": { "texture": "#1", "uv": [ 9.0, 9.0, 10.0, 12.0 ] },
                "south": { "texture": "#1", "uv": [ 13.0, 3.0, 14.0, 6.0 ] },
                "west": { "texture": "#1", "uv": [ 9.0, 3.0, 9.0, 6.0 ] },
                "up": { "texture": "#1", "uv": [ 13.0, 3.0, 14.0, 3.0 ] },
                "down": { "texture": "#1", "uv": [ 13.0, 2.0, 14.0, 3.0 ] }
            }
        },
        {
            "name": "Cube",
            "from": [ 8.2, 7.2, 7.5 ], 
            "to": [ 8.5, 8.3, 7.8 ], 
            "faces": {
                "north": { "texture": "#1", "uv": [ 11.0, 4.0, 12.0, 7.0 ] },
                "east": { "texture": "#1", "uv": [ 9.0, 9.0, 10.0, 12.0 ] },
                "south": { "texture": "#1", "uv": [ 13.0, 3.0, 14.0, 6.0 ] },
                "west": { "texture": "#1", "uv": [ 9.0, 3.0, 9.0, 6.0 ] },
                "up": { "texture": "#1", "uv": [ 13.0, 3.0, 14.0, 3.0 ] },
                "down": { "texture": "#1", "uv": [ 13.0, 2.0, 14.0, 3.0 ] }
            }
        },
        {
            "name": "Cube",
            "from": [ 7.5, 8.6, 7.5 ], 
            "to": [ 8.5, 8.7, 8.5 ], 
            "faces": {
                "north": { "texture": "#2", "uv": [ 11.0, 4.0, 13.0, 5.0 ] },
                "east": { "texture": "#2", "uv": [ 9.0, 9.0, 11.0, 10.0 ] },
                "south": { "texture": "#2", "uv": [ 13.0, 3.0, 15.0, 4.0 ] },
                "west": { "texture": "#2", "uv": [ 9.0, 3.0, 11.0, 4.0 ] },
                "up": { "texture": "#2", "uv": [ 13.0, 3.0, 13.0, 5.0 ] },
                "down": { "texture": "#2", "uv": [ 13.0, 2.0, 14.0, 3.0 ] }
            }
        },
        {
            "name": "Cube",
            "from": [ 7.7, 8.7, 7.7 ], 
            "to": [ 8.3, 8.899999999999999, 8.3 ], 
            "faces": {
                "north": { "texture": "#2", "uv": [ 11.0, 4.0, 13.0, 5.0 ] },
                "east": { "texture": "#2", "uv": [ 9.0, 9.0, 11.0, 10.0 ] },
                "south": { "texture": "#2", "uv": [ 13.0, 3.0, 15.0, 4.0 ] },
                "west": { "texture": "#2", "uv": [ 9.0, 3.0, 11.0, 4.0 ] },
                "up": { "texture": "#2", "uv": [ 13.0, 3.0, 13.0, 5.0 ] },
                "down": { "texture": "#2", "uv": [ 13.0, 2.0, 14.0, 3.0 ] }
            }
        },
        {
            "name": "Cube",
            "from": [ 7.6, 0.8, 7.6 ], 
            "to": [ 8.4, 1.0, 8.4 ], 
            "faces": {
                "north": { "texture": "#0", "uv": [ 0.0, 9.0, 8.0, 12.0 ] },
                "east": { "texture": "#0", "uv": [ 0.0, 9.0, 8.0, 12.0 ] },
                "south": { "texture": "#0", "uv": [ 0.0, 9.0, 8.0, 12.0 ] },
                "west": { "texture": "#0", "uv": [ 0.0, 9.0, 8.0, 12.0 ] },
                "up": { "texture": "#0", "uv": [ 0.0, 9.0, 8.0, 12.0 ] },
                "down": { "texture": "#0", "uv": [ 0.0, 9.0, 8.0, 12.0 ] }
            }
        },
        {
            "name": "Cube",
            "from": [ 7.5, -0.2, 7.5 ], 
            "to": [ 8.5, 0.8, 8.5 ], 
            "faces": {
                "north": { "texture": "#0", "uv": [ 0.0, 9.0, 8.0, 12.0 ] },
                "east": { "texture": "#0", "uv": [ 0.0, 9.0, 8.0, 12.0 ] },
                "south": { "texture": "#0", "uv": [ 0.0, 9.0, 8.0, 12.0 ] },
                "west": { "texture": "#0", "uv": [ 0.0, 9.0, 8.0, 12.0 ] },
                "up": { "texture": "#0", "uv": [ 0.0, 9.0, 8.0, 12.0 ] },
                "down": { "texture": "#0", "uv": [ 0.0, 9.0, 8.0, 12.0 ] }
            }
        },
        {
            "name": "Cube",
            "from": [ 7.5, -0.9, 7.5 ], 
            "to": [ 8.5, -0.20000000000000007, 8.5 ], 
            "faces": {
                "north": { "texture": "#0", "uv": [ 0.0, 12.0, 8.0, 15.0 ] },
                "east": { "texture": "#0", "uv": [ 0.0, 12.0, 8.0, 15.0 ] },
                "south": { "texture": "#0", "uv": [ 0.0, 12.0, 8.0, 15.0 ] },
                "west": { "texture": "#0", "uv": [ 0.0, 12.0, 8.0, 15.0 ] },
                "up": { "texture": "#0", "uv": [ 0.0, 12.0, 8.0, 15.0 ] },
                "down": { "texture": "#0", "uv": [ 0.0, 12.0, 8.0, 15.0 ] }
            }
        },
        {
            "name": "Cube",
            "from": [ 7.6, -1.1, 7.6 ], 
            "to": [ 8.4, -0.9000000000000001, 8.4 ], 
            "faces": {
                "north": { "texture": "#0", "uv": [ 0.0, 12.0, 8.0, 15.0 ] },
                "east": { "texture": "#0", "uv": [ 0.0, 12.0, 8.0, 15.0 ] },
                "south": { "texture": "#0", "uv": [ 0.0, 12.0, 8.0, 15.0 ] },
                "west": { "texture": "#0", "uv": [ 0.0, 12.0, 8.0, 15.0 ] },
                "up": { "texture": "#0", "uv": [ 0.0, 12.0, 8.0, 15.0 ] },
                "down": { "texture": "#0", "uv": [ 0.0, 12.0, 8.0, 15.0 ] }
            }
        },
        {
            "name": "Cube",
            "from": [ 8.5, -0.8, 7.7 ], 
            "to": [ 8.6, 0.0, 8.3 ], 
            "faces": {
                "north": { "texture": "#0", "uv": [ 0.0, 12.0, 8.0, 15.0 ] },
                "east": { "texture": "#0", "uv": [ 0.0, 12.0, 8.0, 15.0 ] },
                "south": { "texture": "#0", "uv": [ 0.0, 12.0, 8.0, 15.0 ] },
                "west": { "texture": "#0", "uv": [ 0.0, 12.0, 8.0, 15.0 ] },
                "up": { "texture": "#0", "uv": [ 0.0, 12.0, 8.0, 15.0 ] },
                "down": { "texture": "#0", "uv": [ 0.0, 12.0, 8.0, 15.0 ] }
            }
        },
        {
            "name": "Cube",
            "from": [ 7.4, -0.8, 7.7 ], 
            "to": [ 7.5, 0.0, 8.3 ], 
            "faces": {
                "north": { "texture": "#0", "uv": [ 0.0, 12.0, 8.0, 15.0 ] },
                "east": { "texture": "#0", "uv": [ 0.0, 12.0, 8.0, 15.0 ] },
                "south": { "texture": "#0", "uv": [ 0.0, 12.0, 8.0, 15.0 ] },
                "west": { "texture": "#0", "uv": [ 0.0, 12.0, 8.0, 15.0 ] },
                "up": { "texture": "#0", "uv": [ 0.0, 12.0, 8.0, 15.0 ] },
                "down": { "texture": "#0", "uv": [ 0.0, 12.0, 8.0, 15.0 ] }
            }
        },
        {
            "name": "Cube",
            "from": [ 7.7, -0.8, 7.4 ], 
            "to": [ 8.3, 0.0, 7.5 ], 
            "faces": {
                "north": { "texture": "#0", "uv": [ 0.0, 12.0, 8.0, 15.0 ] },
                "east": { "texture": "#0", "uv": [ 0.0, 12.0, 8.0, 15.0 ] },
                "south": { "texture": "#0", "uv": [ 0.0, 12.0, 8.0, 15.0 ] },
                "west": { "texture": "#0", "uv": [ 0.0, 12.0, 8.0, 15.0 ] },
                "up": { "texture": "#0", "uv": [ 0.0, 12.0, 8.0, 15.0 ] },
                "down": { "texture": "#0", "uv": [ 0.0, 12.0, 8.0, 15.0 ] }
            }
        },
        {
            "name": "Cube",
            "from": [ 7.7, -0.8, 8.5 ], 
            "to": [ 8.3, 0.0, 8.6 ], 
            "faces": {
                "north": { "texture": "#0", "uv": [ 0.0, 12.0, 8.0, 15.0 ] },
                "east": { "texture": "#0", "uv": [ 0.0, 12.0, 8.0, 15.0 ] },
                "south": { "texture": "#0", "uv": [ 0.0, 12.0, 8.0, 15.0 ] },
                "west": { "texture": "#0", "uv": [ 0.0, 12.0, 8.0, 15.0 ] },
                "up": { "texture": "#0", "uv": [ 0.0, 12.0, 8.0, 15.0 ] },
                "down": { "texture": "#0", "uv": [ 0.0, 12.0, 8.0, 15.0 ] }
           }
        }
],
"display": {
    "gui": {
        "rotation": [ 10, 10, 10 ],
        "translation": [ -1, 6, 0 ],
        "scale": [ 1.5, 1.5, 1.5 ]
    },
    "ground": {
        "rotation": [ 80, 0, 0 ],
        "translation": [ 0, 1, 0 ],
        "scale": [ 1, 1, 1 ]
    },
    "fixed": {
        "rotation": [ 0, 0, 0 ],
        "translation": [ 0, 6, -0.5 ],
        "scale": [ 1.5, 1.5, 1.5 ]
    },
    "firstperson_righthand": {
        "rotation": [ 0, 0, 0 ],
        "translation": [ 1.13, 6.50, 1.13],
        "scale": [ 1, 1, 1 ]
    },
    "firstperson_lefthand": {
        "rotation": [ 0, 0, 0 ],
        "translation": [ 1.13, 6.50, 1.13],
        "scale": [ 1, 1, 1		]
    },
    "thirdperson_righthand": {
        "rotation": [ 0, 0, 0 ],
        "translation": [ 0, 6.0, 1.5 ],
            "scale": [ 1, 1, 1 ]
    },
    "thirdperson_lefthand": {
        "rotation": [ 0, 0, 0 ],
        "translation": [ 0, 6.0, 1.5 ],
        "scale": [ 1, 1, 1 ]

   
    }
}
}